ticker,distance_pct,ma_rising
NGVC,0.010566220052280348,True
NXP,0.01400610359580359,True
NRO,0.022216734280745467,True
BCML,0.022942400027908753,True
BBSI,0.032158379200055376,True
SELF,0.032375220984848574,True
PACK,0.042325100775502354,True
WM,0.0484392216582427,True
TENX,0.05453569455709055,True
FN,0.0727320477332771,True
FMN,0.0803672936844228,True
LEE,0.10165074860651495,True
ATII,0.10435297647762283,True
AFB,0.10901585575385185,True
WTM,0.11829667714796362,True
CNH,0.1220639104743471,True
NJR,0.15485410454754783,True
TCBI,0.15948043410734802,True
RSF,0.16396221081144755,True
MAR,0.1644592762770798,True
RSG,0.16518290842200992,True
BVN,0.1695457571990726,True
TLNC,0.16972028798661437,True
MFM,0.1834857708322275,True
GDL,0.1854954330002174,True
AES,0.19198524782688672,True
BLLN,0.21476501160264316,True
AXS,0.22208985238904075,True
QSR,0.22742920619587495,True
MDAI,0.22805040610971117,True
NTIC,0.23014062225121013,True
BTE,0.23073034375150286,True
SSBI,0.23293744615596917,True
STRO,0.23454547526592268,True
INOD,0.23586382400758735,True
BKSY,0.23833531194819824,True
TITN,0.25032068670013574,True
CAAS,0.26325392568882844,True
NRK,0.27801741030238014,True
BBAR,0.27937084734243656,True
BKD,0.2844468894313361,True
RBC,0.29201970751496414,True
BCX,0.2926211589923694,True
UE,0.2936585776041139,True
MRTN,0.29518222748250394,True
DGZ,0.29651300630357014,True
SATL,0.2967722903770859,True
PNW,0.299343309904395,True
BCSS,0.32097550350447746,True
MIY,0.33196757057281706,True
NUV,0.35404928349512393,True
NWN,0.3573453478836601,True
TSQ,0.366565395618965,True
WS,0.37164518362413795,True
ELTK,0.3856669327060314,True
HLT,0.3877623027762652,True
LWLG,0.38895006639667457,True
VMD,0.3955239168930912,True
CEPF,0.39617677443743554,True
BP,0.40272458368160086,True
FTS,0.40831098266262783,True
SU,0.41095290679512353,True
MO,0.41862834160393503,True
AWP,0.45019384892944997,True
CVGI,0.47523117142596943,True
SPXC,0.48447728875376517,True
TBN,0.4853376671723022,True
PBR,0.48943122689177854,True
ZTR,0.4940742087015172,True
PRTS,0.49628998735946633,True
APEI,0.49647833069615566,True
CVX,0.49648389595594933,True
PLD,0.4980957303167548,True
BDCI,0.5013453713571506,True
TDAY,0.5129629897326268,True
DNMX,0.5227479515371465,True
RMMZ,0.523887769805705,True
PRDO,0.5365873961140701,True
FOF,0.5380228254466717,True
CARR,0.5397966690604072,True
HNNA,0.5408621632939823,True
MSGM,0.5457874077074262,True
FCFS,0.5479858021493658,True
ALTO,0.558746470285759,True
MX,0.5643056291548041,True
HTD,0.5765692450142209,True
NBH,0.5776215267539798,True
KGS,0.5798104300519316,True
WATT,0.585705823651699,True
RYAM,0.5948002875700306,True
HIVE,0.6066295384152857,True
NMZ,0.6117203539041784,True
INEO,0.6123246271633345,True
MIRM,0.6164759600119732,True
GBCI,0.6185018565873714,True
SLB,0.62409269587829,True
CI,0.6315940802136067,True
NIM,0.6327554452607403,True
IGR,0.64819591042455,True
CIEN,0.6612270580297925,True
SHLS,0.6650917070840627,True
SNEX,0.666020997248379,True
COCO,0.6754602992616036,True
NHIC,0.6758888676364522,True
NVGS,0.6786596135396875,True
BANF,0.6809484446402536,True
DY,0.6920112192959026,True
NAZ,0.6947601415086009,True
REX,0.6964033335976269,True
PLOW,0.7045096295393357,True
OKE,0.7115578104399124,True
SBXD,0.7245563308148512,True
ROLR,0.7268401728872506,True
TONT,0.741936200630918,True
AIN,0.7599963620515513,True
DTF,0.7648253341070312,True
FLG,0.7729529337300374,True
REG,0.7737014349402673,True
MG,0.7836128872439545,True
GLV,0.7905133356787396,True
ALSN,0.7935957279116059,True
VZ,0.8003793654433322,True
IDA,0.8095727109383432,True
TR,0.8124084178154992,True
PHIN,0.8160254721446168,True
OVLY,0.8218479912786952,True
OGE,0.8226097127042133,True
CPHC,0.8354047532216173,True
HVMC,0.8370121678171462,True
GIW,0.839494986840632,True
CUB,0.8663790665522645,True
NYC,0.871834294437687,True
ALGN,0.8810683374280598,True
VVV,0.8843930830436882,True
RFMZ,0.8948055700912373,True
SFD,0.898677199373934,True
APXT,0.9028012524187514,True
VIR,0.9174339840511028,True
O,0.9203710947146991,True
CCZ,0.9349259903810343,True
STAA,0.9408877900544822,True
MUJ,0.9417945092682938,True
PYT,0.9425262424598208,True
ORIQ,0.944427306861651,True
LGL,0.9478657145119063,True
DYOR,0.9546664337634239,True
VICR,0.9603981455992082,True
AGCC,0.961189793025894,True
BRT,0.9690061219914208,True
IBRX,0.9713851092100597,True
ARE,0.9768239447148086,True
HAFN,0.9770562679304383,True
WPC,0.9863258315021689,True
EMO,0.9887660486413324,True
PTEN,1.036097656504744,True
RNGR,1.0367551292055117,True
ELS,1.0398002180420762,True
RVSB,1.0400619803200624,True
AGD,1.0418412213272423,True
EDUC,1.0441392905389522,True
OVBC,1.050971215771405,True
ALDF,1.0633747248720797,True
EEFT,1.0788497059067723,True
SBSI,1.0824863115384193,True
IMKTA,1.095362862028868,True
AEE,1.100701359907685,True
CEPO,1.1256190148058154,True
CASH,1.1293024381544365,True
MXF,1.1298338063054434,True
OSTX,1.1378019326598832,True
MEGI,1.148253301901765,True
ACV,1.1538080372117376,True
BKU,1.1580512804894754,True
UTSI,1.1597263426031805,True
FTW,1.1627877948169707,True
PPLI,1.1728110306290487,True
BRX,1.1894872071632536,True
CF,1.1925994015594952,True
NAN,1.2065027903964773,True
WNEB,1.2097982939894856,True
SGU,1.2163780115574019,True
CVLG,1.2191125804308633,True
DUK,1.2239227564381827,True
BGC,1.2247462620328073,True
XPO,1.2311175412562367,True
GNL,1.2376551057123253,True
SRZN,1.2408167486104529,True
SVCC,1.2515484181352556,True
HVII,1.2547795202973724,True
MWA,1.2609461132396553,True
UIS,1.2615076795358469,True
NMCO,1.2726908477001542,True
DPG,1.2813657547833193,True
NOV,1.2816970586972867,True
ADC,1.2946713973696464,True
CHCI,1.3009882720999182,True
ETOR,1.306098731056514,True
EVRG,1.3336107321443647,True
XRN,1.3486917991201528,True
CHT,1.352573016388182,True
SDRL,1.3566092523459423,True
CORZ,1.360479969942271,True
AVO,1.369511232915168,True
LIN,1.3696734888027164,True
CHH,1.3840956274632663,True
INBX,1.3867434106827434,True
MMD,1.41862426773479,True
ETR,1.4216203943109345,True
BFS,1.4231519038745917,True
SRV,1.4394454371010497,True
CVEO,1.4567662378296993,True
AEIS,1.4644297916873044,True
CEPV,1.4667107184451755,True
GTY,1.4842188808790102,True
RFI,1.5110007356522728,True
MRAM,1.5132113640311842,True
VIAV,1.5190666509698505,True
FANG,1.5197707391323168,True
SWBI,1.5198286973555062,True
LINC,1.5207086697664767,True
UTHR,1.5333180180752632,True
ED,1.545770816312891,True
SVM,1.5461003970535194,True
GVA,1.5497871533163277,True
SCD,1.5518493609465631,True
HLIT,1.5553532069669636,True
DAKT,1.5575641904733555,True
TBLA,1.5685038646075793,True
TALO,1.5704103543851329,True
BTI,1.5776084984611343,True
TCBS,1.5783609548464275,True
ATEN,1.5820168067336045,True
CRGY,1.601145009922225,True
VRT,1.6039345140635435,True
SLGN,1.604154436582888,True
PRE,1.6181447297797622,True
GUG,1.6214379332922049,True
FNV,1.626706832153008,True
ACH,1.6393454980039337,True
SO,1.6506489058537805,True
NML,1.6542140032188073,True
EGY,1.6669754786818844,True
ESI,1.667623281678556,True
CDRO,1.6699432376424184,True
RQI,1.672815251644771,True
ARCO,1.6784686993084372,True
BC,1.682872218526899,True
PEO,1.6942621077727749,True
NBHC,1.6989563242137593,True
AM,1.699195433434861,True
DOV,1.7103943395549974,True
PGZ,1.7133847968414546,True
REI,1.7137134478947758,True
PEN,1.7145803633705325,True
FE,1.7163889403807617,True
GATX,1.7251928238122427,True
NEWT,1.7395212279056989,True
CRTO,1.762016818873787,True
IOTR,1.7754515665866044,True
MXE,1.7802156867492158,True
GPRK,1.7955490199701791,True
XRAY,1.8002619252070604,True
EMN,1.8102042265914762,True
BKH,1.8301711041192041,True
CMDB,1.8423122153849156,True
VC,1.849584851734798,True
ENS,1.8508333704145057,True
CBOE,1.8513512651951356,True
CYD,1.8532465373678901,True
DD,1.8600840511074315,True
NMT,1.8633180449104276,True
LMT,1.8637943696160584,True
NVTS,1.8698170151335254,True
APG,1.8714639178857844,True
COP,1.8880014932191282,True
BOH,1.8883428017514723,True
LGVN,1.8887961031628215,True
IMPP,1.8897140630984304,True
BKR,1.8916008042241153,True
GILD,1.897338588109196,True
ANNX,1.9068656146974146,True
HTLD,1.938969027137918,True
XEL,1.955777386989636,True
INTT,1.9630631870899953,True
UTF,1.967195108151904,True
EPD,1.973743981773871,True
UPBD,1.9939306306976747,True
MUSA,1.9939762362736493,True
GTEN,2.0079882196687695,True
RSI,2.015987598764111,True
SMC,2.0179506533312797,True
NOEM,2.019064451899356,True
ICU,2.021308828553129,True
NTST,2.021697670491869,True
STNG,2.0285929992623664,True
ES,2.039475397818961,True
SMG,2.046981621545616,True
FHB,2.0883103011514907,True
IHS,2.0948859966714632,True
OFLX,2.1012966689517185,True
IBOC,2.1022036243307936,True
UPS,2.121176477148538,True
BGSF,2.141740009589717,True
MSCI,2.1494584159984336,True
GERN,2.1629104891752746,True
EOG,2.16605982561026,True
MEOH,2.1952659755684127,True
PCG,2.20088465146109,True
NCA,2.2077554983698233,True
PG,2.2254554629587835,True
PFE,2.2284489489684463,True
MEC,2.2358784283302313,True
KYN,2.2366522712381007,True
DBRG,2.2384679044460616,True
NVS,2.242406375288062,True
CLSK,2.246475494059158,True
KOS,2.2539868413259843,True
DYNC,2.257216079972891,True
AUC,2.266942125926628,True
EXC,2.274755074857841,True
RDNW,2.276148197804057,True
TRP,2.290651262591757,True
ETB,2.2913790678090162,True
PDT,2.2941397990387786,True
RLTY,2.296946553802492,True
EPSN,2.299195171771007,True
GLO,2.317149265980625,True
IVT,2.3185625533485124,True
NBR,2.3240817265275395,True
DRS,2.3360626065331513,True
XWEL,2.338815587264707,True
NATH,2.35292030462464,True
ACGL,2.359425478441124,True
ABOS,2.3609422805333025,True
DJP,2.372434621210239,True
ECF,2.376053301764285,True
CKX,2.3797093900731805,True
RMM,2.380036592265545,True
SMHB,2.3813555856220114,True
DSX,2.383306570503049,True
MGIH,2.401681486824306,True
GLNG,2.415348811873451,True
MLTX,2.453805187535584,True
EGP,2.4638039053878362,True
WSBK,2.4835167781837484,True
UNB,2.49120526171396,True
AKO-A,2.4921663844476987,True
LSAK,2.494233811733194,True
CMP,2.5022814281508543,True
ITRN,2.5167064278817977,True
CZWI,2.521776932585998,True
LSTR,2.5253645150793353,True
PMA,2.5263509990005732,True
CBU,2.5269410898379947,True
VMI,2.533500464352416,True
DFIN,2.5452371340388247,True
EDF,2.55258924059221,True
CW,2.556838341006791,True
LGI,2.5664811367075235,True
MRBK,2.57033725908932,True
CCO,2.5858419552287684,True
EDTK,2.592162433937848,True
IDE,2.5964359714068794,True
BANC,2.5967288170554403,True
JOE,2.6254410016500835,True
WTRG,2.636842909685126,True
BCV,2.6676107125634267,True
WMB,2.670566370939307,True
EMA,2.672268407091666,True
VTOL,2.688385983105035,True
VRA,2.7032362188793244,True
MDU,2.7065450196541536,True
AUGO,2.7070301488837427,True
DNP,2.713794192181761,True
VET,2.71723198822882,True
UTL,2.7270229339446397,True
WERN,2.729592648851952,True
LGCY,2.745673347347792,True
BJ,2.7527134611601354,True
HEQ,2.7566715239624595,True
ACEL,2.763456902326867,True
REPX,2.767910085307489,True
TXT,2.76846603913552,True
GENC,2.7727984717868845,True
ISSC,2.7779998729190147,True
UDR,2.793983469189181,True
LKFN,2.7942437117191408,True
KDP,2.8056594446319116,True
STAG,2.812279197036873,True
HGV,2.8124647550068804,True
XOM,2.8142194885544565,True
JOUT,2.8152321548393604,True
TJX,2.818984216852884,True
RMI,2.8210060136490376,True
RFM,2.828531086617921,True
KF,2.83381954721956,True
CECO,2.8515350367661574,True
ALGM,2.8567413078147146,True
GLQ,2.8794860395750344,True
ASGI,2.8826364118205903,True
AWK,2.8934244081449125,True
RGCO,2.8978177716271634,True
TTE,2.9079130488198364,True
MTX,2.9095522011503814,True
SCOR,2.9126235233128654,True
PANL,2.913466935183163,True
NWE,2.932283038131468,True
OGS,2.9573282316552794,True
GNE,2.9845479087715545,True
UTG,2.9913431929127463,True
OXY,2.999152109124136,True
PECO,3.029792652339105,True
APT,3.04893996516605,True
NIE,3.0525400816582655,True
SPNT,3.0609537074923487,True
WWD,3.0708822401049716,True
EQ,3.0776346764757054,True
SVCO,3.1114105556207425,True
HAS,3.1140742554344203,True
TTMI,3.115540039531209,True
GITS,3.115970476101913,True
UNFI,3.124112872440327,True
BODI,3.135061024872507,True
OBE,3.1539479599971476,True
EE,3.168480112942687,True
IHD,3.1978764798421446,True
CDNS,3.2289712365898655,True
MCB,3.230541502798887,True
ABLV,3.237215025040622,True
TXMD,3.255961000321174,True
ERH,3.2577864370636265,True
CWBC,3.2659949911366373,True
AEP,3.268242532570182,True
CTVA,3.2814374643745676,True
MCK,3.299704807833328,True
GFR,3.3034728258406885,True
CERS,3.3054489490435595,True
FLOC,3.3116846859660423,True
NMI,3.3262126644694683,True
WMK,3.3360491601189493,True
AOMR,3.3532377374254354,True
OHI,3.354137276082108,True
GRBK,3.3612517041697827,True
PDX,3.3624316494723776,True
APYX,3.3646726028176337,True
KEX,3.3751407040912174,True
HIFS,3.378299316782802,True
MTRX,3.3802070533700683,True
EZPW,3.3833175536898907,True
ABX,3.3921062854236137,True
LPA,3.3925684998338688,True
KIM,3.413283707324525,True
MGEE,3.417663383793252,True
CHW,3.4231874307212444,True
HON,3.427819417044971,True
TSSI,3.4305295588274207,True
COST,3.4339081067910824,True
ALGT,3.435965906586457,True
HUBB,3.439668707578262,True
ALLO,3.4427549195349574,True
RRR,3.444819071617449,True
IMO,3.4468459550099126,True
TWO,3.468881008264174,True
F,3.4865607635505316,True
MLP,3.487420325629139,True
VLGEA,3.48794983631475,True
XPL,3.508774070137044,True
FNRN,3.5101576432975348,True
POET,3.5123711018105297,True
LONA,3.517589980654491,True
BSBK,3.5188682429916374,True
ANGH,3.5197715221583845,True
EME,3.521474079776031,True
FTI,3.5282723699204674,True
FGBI,3.5338139906267383,True
OCFC,3.5346809611890095,True
ATMP,3.5383191592682115,True
CSTM,3.5416612455851313,True
CNQ,3.5424170809472604,True
CAF,3.549188808981807,True
DTE,3.5552282584588277,True
DGXX,3.5599747640510224,True
ADM,3.5634386365653414,True
AKAM,3.571926918199246,True
EIX,3.573934271031261,True
LTC,3.574642746415467,True
CAT,3.5920624609792,True
LNT,3.6001113878451076,True
GRNT,3.614455788851116,True
OLP,3.615387791142356,True
TK,3.6212989057734744,True
D,3.6312174731803863,True
ON,3.6405388444119167,True
GLRE,3.6446452365007582,True
WY,3.719521358199277,True
CLS,3.7220171310970183,True
RCG,3.7234039913585697,True
CMI,3.7268096684803407,True
SPIR,3.728586583933999,True
CL,3.730913828405899,True
HESM,3.7836685777024233,True
ENPH,3.808308276733467,True
ROK,3.8151574967708957,True
CING,3.8213271953499044,True
SWX,3.8363057212295324,True
PPL,3.8390284984235605,True
CGO,3.8503977625138686,True
UNIT,3.8564908278231234,True
HTH,3.8620162178877973,True
GOLD,3.87009207350687,True
WOLF,3.8721611574632395,True
GASS,3.8791469746346743,True
TNYA,3.8910678086110826,True
PBA,3.9008384979948922,True
TRMD,3.905102858219462,True
KMI,3.9240101375906375,True
ETV,3.927689799612523,True
PRVA,3.93392749341569,True
MYRG,3.971901162250729,True
RRC,3.9735128489193507,True
FLNG,3.973748586148678,True
EQIX,3.977966535700369,True
FIBK,3.987140637251784,True
NPB,4.013013170838475,True
DVN,4.013937167848274,True
EXR,4.01744999808598,True
TRGP,4.0427059281973925,True
LNG,4.053151235851507,True
TEI,4.055090299020601,True
FLS,4.058201328394311,True
HP,4.073154524109133,True
SWAG,4.089222217770491,True
CTRE,4.090037144499621,True
MGLD,4.093212675177262,True
IPWR,4.099492508320311,True
NMS,4.103350228013102,True
SKYQ,4.109589667453568,True
NEXT,4.114491800098862,True
MLPB,4.119810291965218,True
GLAS,4.13953884631216,True
CHNR,4.140205530137393,True
KGEI,4.146777007582859,True
NBXG,4.147236432032948,True
H,4.162153318355182,True
DBD,4.192584618098447,True
GOOGL,4.198524495464101,True
DLX,4.200713998622203,True
WRB,4.21922763129631,True
FMX,4.219501939785458,True
JBSS,4.222719647090876,True
ECL,4.223473221931384,True
AIRG,4.234129529401109,True
CAMT,4.245807321536408,True
ODFL,4.253467545230661,True
DJCO,4.256300757108014,True
CPK,4.263229747945778,True
AVB,4.263375957609243,True
AUNA,4.272837261397538,True
FSBW,4.282546211804686,True
TRS,4.287433735671625,True
UAA,4.296974750176593,True
WILC,4.310801575995276,True
EQR,4.3111763048456275,True
NNN,4.314518410594034,True
CNP,4.322874368555809,True
IPM,4.323309287871117,True
SYNA,4.3250186875355725,True
BWMX,4.353302893465987,True
POR,4.355513710390408,True
NGS,4.367752655082007,True
GOOG,4.381645964663792,True
GCV,4.382583550382547,True
HLX,4.3856509049627785,True
FHN,4.388467513542777,True
ATO,4.394979057462551,True
BNL,4.415068219852048,True
GLPI,4.426466726491647,True
BALL,4.446737917984218,True
AGIO,4.448305465918458,True
USAR,4.459070601905505,True
SM,4.467351588853508,True
BCH,4.48162363164454,True
ETW,4.488826470983922,True
ESE,4.498222786059817,True
EGBN,4.509506835533146,True
ABCB,4.515133663874389,True
FTH,4.5166242095105105,True
UBCP,4.528487046748542,True
INDB,4.531839396920848,True
SYY,4.532771803001818,True
LPTH,4.549702892978599,True
HYNE,4.561956835016416,True
ENB,4.581741766430995,True
XPRO,4.594505854901591,True
UA,4.611263058815148,True
NXPI,4.612773184395022,True
SKM,4.630916938967064,True
ESP,4.633267408159729,True
TRNO,4.634179357416198,True
OPTX,4.641437337139595,True
JRS,4.649730546695202,True
MDLZ,4.6593270112933265,True
MCHP,4.659357512475998,True
SMP,4.661310019882543,True
NCV,4.663861428399321,True
POWI,4.677163620963312,True
BATRA,4.682582867722572,True
NCSM,4.686496841775047,True
GPRE,4.711317585402326,True
COLB,4.716253518791207,True
POWW,4.719770489256017,True
NFG,4.7251001302571325,True
AXSM,4.734829108437873,True
DRI,4.736734563116799,True
FORM,4.737998338346331,True
WDFC,4.773284318187149,True
ISTR,4.781267923015884,True
HCSG,4.782702640382053,True
CALM,4.80629332650105,True
CII,4.816984686257137,True
LSE,4.8242558388899415,True
ESTA,4.826077122901193,True
FUSB,4.828462769942095,True
SHEN,4.847062481837267,True
BELFA,4.862295561161519,True
AMUB,4.876735622005361,True
MNSB,4.87988957919018,True
KEY,4.8802599607906405,True
FRME,4.882534460051123,True
LGN,4.88557253248356,True
STRL,4.892652511155295,True
RGR,4.894924300891474,True
FRPH,4.901010498129734,True
SOBO,4.915905789774582,True
KVHI,4.92165937381086,True
FDX,4.926365404966393,True
KYIV,4.932946883118088,True
RDN,4.949386349251221,True
PR,4.949736939356202,True
DTM,4.956106578986531,True
DVA,4.965645826955402,True
PAGP,4.974328446454859,True
AEF,4.980282787078058,True
FTV,5.0007640623578835,True
CVI,5.001178304643682,True
YOU,5.017098731769308,True
AKA,5.056205984122169,True
QQQX,5.057160725737093,True
ARTNA,5.057893756606992,True
NPK,5.062932731710561,True
ALOY,5.066366157587906,True
CMS,5.068028938431765,True
AOD,5.069486659206387,True
CUBE,5.076475842440075,True
OSK,5.076980095991842,True
CCEC,5.087616627420884,True
PB,5.0953555223417935,True
UG,5.103805476069132,True
WRBY,5.109834285949865,True
CHRD,5.126541000958224,True
WSC,5.1375187727950955,True
COLM,5.1660466320766645,True
IGA,5.166429799570451,True
HY,5.169138318639666,True
AR,5.16998286028214,True
ADV,5.176524619684525,True
PPG,5.187321088868031,True
LRMR,5.18774132345516,True
BCBP,5.212767260168524,True
COKE,5.231497107950177,True
PLX,5.233140632782159,True
IR,5.242991456214896,True
TAC,5.2615509055836736,True
RDWR,5.263154907590996,True
EEA,5.271377232161654,True
BRUN,5.272468006112137,True
EDD,5.2755121359365695,True
GOLF,5.278120291954272,True
TFC,5.278325734343665,True
ACFN,5.2845454556984555,True
CBUS,5.28519406464496,True
SBRA,5.287743694647476,True
BF-B,5.2955457453019195,True
NHI,5.328664045206099,True
RIO,5.341394173681739,True
AAP,5.343732603543397,True
RAVE,5.345563987828625,True
RIOT,5.346020785471518,True
OUT,5.356134772236685,True
WEC,5.372734872357983,True
BBT,5.390490445646397,True
BF-A,5.412069913570708,True
XPER,5.413384696642966,True
UCB,5.413663249400576,True
DAR,5.420368353464912,True
GHC,5.4204919284193,True
GNRC,5.425699329151379,True
TALK,5.4261446439339505,True
EMF,5.42668155970082,True
CRWS,5.435801441666538,True
RLGT,5.438489237546627,True
HIG,5.446757597139634,True
MGRC,5.493595796705488,True
STEW,5.501922968193599,True
IRM,5.505933117019763,True
APD,5.510829618725518,True
GWW,5.5203260473677265,True
CINF,5.521073468545599,True
AGX,5.524587312965378,True
WBX,5.541449955657083,True
DEA,5.553985471784071,True
CGEN,5.578276045264293,True
RYZ,5.578462738201012,True
AVA,5.5795747488604714,True
GEV,5.5858189786931245,True
POWL,5.589397798714115,True
LRN,5.591723078717427,True
L,5.595889865937993,True
PCVX,5.603578129881797,True
ELVA,5.604698549777684,True
IAE,5.6054616429347375,True
IPI,5.612686129216601,True
ASYS,5.619480559614324,True
TY,5.623601034350079,True
KNTK,5.643030879793871,True
CBIO,5.6461745700923585,True
WFCF,5.664161410442342,True
WTFC,5.671068734054137,True
CURB,5.6875789703767365,True
IGIC,5.689360963316493,True
BLX,5.698851200253182,True
AER,5.724049333456479,True
KLIC,5.740795832858878,True
SSD,5.753722134850792,True
MTH,5.7569099865113875,True
AROC,5.787190441759905,True
ACTG,5.794560529301806,True
Q,5.801176393763262,True
NCEL,5.829689983811391,True
TTC,5.847233741974183,True
NEE,5.85064174092108,True
TONX,5.859444469179179,True
SPFI,5.865061506080052,True
ZWS,5.87217620759758,True
SIFY,5.893393247198373,True
SEAT,5.908582502675825,True
PLMR,5.928205429052246,True
PHM,5.938334979748994,True
WTI,5.951402256342667,True
DEI,5.951657522980449,True
EOD,5.957444946708692,True
OZK,5.962130302533907,True
MPWR,5.964330477078762,True
NCZ,5.968983178717218,True
BH-A,5.97080129695099,True
OTTR,5.981394174334676,True
OXM,5.987101690837405,True
SMA,5.994299504544057,True
PODC,6.004903563117475,True
ASC,6.009976198153999,True
SBUX,6.011113855828508,True
NXG,6.015304623354922,True
SND,6.016079601479799,True
MCFT,6.018295510770988,True
BE,6.0224717643673475,True
GLW,6.039041126226257,True
FIX,6.044275876513384,True
LEA,6.050435056450432,True
BSAC,6.053749908495826,True
WPRT,6.062624908785479,True
EXG,6.082037061294803,True
SLAB,6.117624093600209,True
CB,6.1304244908606425,True
KVUE,6.137540442246119,True
LLYVA,6.1553163167273794,True
ONEW,6.1603574274032,True
ALCO,6.172474287296495,True
SCHL,6.174545291453046,True
WOR,6.1789246684982695,True
RSVR,6.183547501879509,True
TOL,6.1928101878953115,True
EVH,6.211348709010298,True
TOWN,6.214259183665964,True
LUV,6.221259834802644,True
CLH,6.229622810235595,True
CBFV,6.244984861980089,True
BRK-A,6.250736352201429,True
CHD,6.256624169769085,True
CPSS,6.258168764859449,True
KTB,6.281241824185992,True
RFIL,6.2842904398588875,True
CPA,6.2858208088370855,True
TG,6.288860270720371,True
TISI,6.289858553355806,True
HRL,6.2901828724317115,True
TT,6.304053890002999,True
SCI,6.310341391168044,True
FRHC,6.312905782608315,True
CRI,6.329381794745579,True
WDC,6.337305808906353,True
MBBC,6.33902927158867,True
CATO,6.351074654702131,True
HASI,6.352942327870694,True
ESOA,6.3661048783167695,True
CDW,6.371922621824268,True
KNX,6.376186283752659,True
CHY,6.391020950903332,True
JCE,6.405244624836193,True
KMB,6.410364757193998,True
ZIM,6.4110326549942185,True
PEBK,6.421548118052445,True
NKTX,6.431988361890338,True
NATL,6.441813261661128,True
FFIN,6.456361233142919,True
KHC,6.459613540175173,True
FERG,6.473999279579629,True
NL,6.486542047050288,True
ANDE,6.518497410688942,True
CLST,6.53006536188441,True
SAFE,6.544874241923204,True
FNB,6.551081384471198,True
LOAR,6.55167129582761,True
PYPD,6.553170627526482,True
GDOT,6.572653242378309,True
MNST,6.5783886042040605,True
ECG,6.580883194098948,True
MKSI,6.5894197170341355,True
BLBD,6.5996967612445525,True
BCPC,6.6049525478791,True
LYB,6.61679792437842,True
CET,6.617647560112106,True
CULP,6.617647819707993,True
BRK-B,6.635964228093649,True
LECO,6.637146961317833,True
LSBK,6.640254258859195,True
ORKT,6.6409408958419665,True
NMAI,6.667320705638646,True
TNK,6.667465620871006,True
LBTYB,6.667974396449396,True
NPKI,6.669747036908255,True
ATR,6.677238234154499,True
NSTS,6.681677661324908,True
DE,6.682822023796725,True
SNFCA,6.724310456097378,True
RNR,6.757751007683316,True
ETO,6.768029808430545,True
RMR,6.770361376883197,True
SFBC,6.771370971761251,True
CX,6.771990390246101,True
EBF,6.78712483039392,True
PM,6.823475163004199,True
TNL,6.829468550910474,True
BMRC,6.838896864853231,True
RNST,6.85171137582785,True
E,6.851718551055443,True
FOR,6.873713719997027,True
EBMT,6.888039730983479,True
GBX,6.924484250228291,True
PDYN,6.924953369267832,True
PROV,6.934120055937018,True
EW,6.93428170458216,True
GROW,6.945718540940709,True
LND,6.976746382880572,True
BATRK,6.99096190664693,True
UTMD,6.994499534177207,True
SKT,7.000928899237004,True
SNDK,7.031729181271394,True
NRXS,7.045799834613092,True
KAI,7.057019205835149,True
ESLT,7.069953650142227,True
CEE,7.076304762400277,True
TYG,7.083120276021296,True
TNC,7.0850441992205475,True
ADI,7.085477168913217,True
PLUS,7.087357781170159,True
AIO,7.115144931338935,True
ZBH,7.1262171189863155,True
TFII,7.1297876906475794,True
TRMK,7.141238931835245,True
BKTI,7.143822707136749,True
SRI,7.163379866824021,True
IIPR,7.204985905514935,True
INVX,7.219170945824888,True
PRTH,7.234240373296276,True
RL,7.255682976539286,True
PRSU,7.2644817451469414,True
INMD,7.275491076455008,True
EVTC,7.282769373946542,True
LLYVK,7.291959995175206,True
NBBK,7.2938932850905704,True
HFWA,7.301340378040062,True
NUAI,7.342531939502431,True
TEN,7.364261457242464,True
SANM,7.37192017844632,True
TEX,7.3994057209340856,True
GAM,7.429194905398474,True
GFS,7.434318617097166,True
STRW,7.438017086675675,True
LOGI,7.45071279833265,True
AON,7.476991057823379,True
PHOE,7.48694085099583,True
PSMT,7.488041634161123,True
TJGC,7.490325638469791,True
INVA,7.498720630083984,True
