ticker,distance_pct,ma_rising,sector,market_cap,trailing_pe,ev_to_fcf,relative_volume,wyckoff_active
NGVC,0.010566220052280348,True,Consumer Defensive,645744768,13.668293,60.30563927043459,1.099418008443539,False
NXP,0.01400610359580359,True,Financial Services,900809600,25.078947,,1.124113502424182,False
NRO,0.022216734280745467,True,Financial Services,189135056,8.291666,,0.8372067737638968,False
BCML,0.022942400027908753,True,Financial Services,342782464,26.15833,,0.9760599315998045,True
BBSI,0.032158379200055376,True,Industrials,774314048,23.843283,16.929268805615568,1.1836756503475234,False
SELF,0.032375220984848574,True,Real Estate,59277172,28.833332,16.31889594010981,1.3320469233360899,False
ATLCL,0.041664558250748024,True,,,,,0.5502809533036234,False
PACK,0.042325100775502354,True,Consumer Cyclical,475100928,,36.533720064550835,1.2087524385350803,False
WM,0.0484392216582427,True,Industrials,90521501696,59.596054,48.23060215799262,1.0019177505968657,False
CIMP,0.054417954329517675,True,,,,,0.5081328751431844,False
TENX,0.05453569455709055,True,Healthcare,67737288,,0.808824999480217,2.1553342296597005,False
CUBB,0.061005018034416755,True,,,,,0.5382331106161841,False
TRNZ,0.06730720728695412,True,,,,,0.795148862444718,True
FN,0.0727320477332771,True,Technology,20984403968,50.185944,-246.90455181854196,0.9622571649371339,False
FMN,0.0803672936844228,True,Financial Services,87491264,9.815789,66.39800381492002,1.1836209436097802,False
SAJ,0.09698843319708443,True,,,,,0.2890596414196853,False
LEE,0.10165074860651495,True,Communication Services,180565568,,22.68066941171773,0.7594970644218654,False
ATII,0.10435297647762283,True,Financial Services,315133504,35.499996,,0.9591972257064857,False
AFB,0.10901585575385185,True,Financial Services,317056640,13.787499,74.54397134247036,0.6837067021375005,False
WTM,0.11829667714796362,True,Financial Services,5049633280,4.8457894,8.314042317321688,0.9793356003138897,False
CNH,0.1220639104743471,True,Industrials,16523830272,41.1,67.59523561946803,1.191196121946201,True
NJR,0.15485410454754783,True,Utilities,5640002048,15.480609,-36.47645317020473,1.1985698185333649,False
TCBI,0.15948043410734802,True,Financial Services,4413952512,13.202861,,1.0696921510939625,False
RSF,0.16396221081144755,True,Financial Services,61995064,13.254545,,0.7615583843059458,False
MAR,0.1644592762770798,True,Consumer Cyclical,92436439040,36.771786,53.27889825728038,1.2461923572942748,False
RSG,0.16518290842200992,True,Industrials,66224685056,30.763868,41.077505485690686,0.9295475713724739,False
BVN,0.1695457571990726,True,Basic Materials,8729528320,8.382927,63.988875693981804,0.5986125012468227,False
TLNC,0.16972028798661437,True,Financial Services,432725536,,,1.0305225038799792,False
HTFC,0.17151049708804347,True,,,,,1.1617806731813245,True
MFM,0.1834857708322275,True,Financial Services,224266656,13.280488,55.91451089560498,1.8864917549128075,False
GECCI,0.1853670867458582,True,,,,,0.279383429672447,True
GDL,0.1854954330002174,True,Financial Services,91957496,12.021429,,0.6699789220114424,False
AES,0.19198524782688672,True,Utilities,10501246976,5.5149813,-16.01316925356523,0.5934844512762815,False
BLLN,0.21476501160264316,True,Healthcare,4578086400,136.64789,348.4814964112472,1.5490446658332666,False
AXS,0.22208985238904075,True,Financial Services,7367162368,7.1175213,3.622629644189554,1.3029541684590753,False
QSR,0.22742920619587495,True,Consumer Cyclical,35343261696,19.384422,24.639078804895536,0.6552862904269544,True
MDAI,0.22805040610971117,True,Healthcare,52783280,,-75.54490736427164,0.23153373332701668,False
NTIC,0.23014062225121013,True,Basic Materials,76125856,,-29.605967922121742,0.8418947177016093,False
BTE,0.23073034375150286,True,Energy,2999567872,,-10.983557051549761,0.8215198127702147,False
GECCH,0.2318652521116218,True,,,,,0.3458049886621315,False
SSBI,0.23293744615596917,True,Financial Services,87354984,39.120304,,1.7938160975215953,False
STRO,0.23454547526592268,True,Healthcare,351935360,,-2.1226429228890766,0.8024858238911494,False
INOD,0.23586382400758735,True,Technology,2011410048,48.50008,10.996312069142954,0.9702117899691659,False
BKSY,0.23833531194819824,True,Industrials,1276446080,,-18.074318141281747,0.5429816529318005,False
TITN,0.25032068670013574,True,Industrials,432022432,,6.36339586869059,1.0884662950820914,False
WHFCL,0.25252250318676445,True,,,,,0.8224674022066198,False
CAAS,0.26325392568882844,True,Consumer Cyclical,147534736,3.443662,2.372786821351504,0.6474426743465422,False
NRK,0.27801741030238014,True,Financial Services,921640960,33.015625,,0.9418489944384084,False
BBAR,0.27937084734243656,True,Financial Services,3304549632,17.03158,,0.7250678709551232,False
BKD,0.2844468894313361,True,Healthcare,3101041920,,357.18907016244935,1.1353932837158263,False
RBC,0.29201970751496414,True,Industrials,17447725056,54.511375,64.59021155616453,1.1278300715559468,False
BCX,0.2926211589923694,True,Financial Services,960599936,4.5,,0.8310919369717722,False
UE,0.2936585776041139,True,Real Estate,3016725248,41.339626,20.036512420111663,0.9144790611607085,False
MRTN,0.29518222748250394,True,Industrials,1236075392,100.99999,-186.61547004944813,0.9649009195700039,False
DGZ,0.29651300630357014,True,,,,,0.5070723245262877,False
SATL,0.2967722903770859,True,Industrials,904759360,,-47.94136961377284,0.6210175864668759,False
PNW,0.299343309904395,True,Utilities,12255464448,19.408829,-30.88183331532798,1.2146365488846882,False
BCSS,0.32097550350447746,True,Financial Services,597432000,,,0.16641910106178137,False
MIY,0.33196757057281706,True,Financial Services,363362784,36.89706,,1.1602314934784486,False
ECCU,0.33299109714465236,True,,,,,0.678254942058623,False
NUV,0.35404928349512393,True,Financial Services,1895737600,17.696077,,1.0749054794669803,True
NWN,0.3573453478836601,True,Utilities,2141719168,17.016724,-17.840196325003237,0.7977348807286764,False
TSQ,0.366565395618965,True,Communication Services,107158288,,20.36909513064809,0.8372844584785835,False
OFSSH,0.3702784388249255,True,,,,,30.94835680751174,False
WS,0.37164518362413795,True,Basic Materials,1931826176,223.04411,26.53477458252962,0.7532002408489141,False
ELTK,0.3856669327060314,True,Technology,57463072,,-15.442294579758736,3.2859645707611445,True
HLT,0.3877623027762652,True,Consumer Cyclical,72710594560,47.439796,61.438212878873586,1.111824613274237,False
LWLG,0.38895006639667457,True,Basic Materials,1234177920,,-142.20355294876924,0.47322021598184405,False
VMD,0.3955239168930912,True,Healthcare,359552864,26.22222,12.574763314919503,1.33521085106669,False
CEPF,0.39617677443743554,True,Financial Services,594365696,57.778328,,0.5774117433523913,False
BP,0.40272458368160086,True,Energy,109735337984,20.387562,38.645170328820186,0.6770184412836415,False
FTS,0.40831098266262783,True,Utilities,28876068864,23.163935,-25.2092785598612,1.0557619325279612,False
SU,0.41095290679512353,True,Energy,75090214912,11.955307,9.103968440470064,1.0069365607643812,False
MO,0.41862834160393503,True,Consumer Defensive,109869154304,13.8526325,14.361320684364435,1.0933090170641215,False
RWAYL,0.4313790436039513,True,,,,,1.0474006116207952,True
AWP,0.45019384892944997,True,Financial Services,364448416,6.6731076,81.30288187011803,1.1636351474670452,True
CVGI,0.47523117142596943,True,Consumer Cyclical,130837232,,14.215873807686371,0.4892660173771907,False
SPXC,0.48447728875376517,True,Industrials,10871386112,38.146748,48.61033289982978,0.886373480844408,False
TBN,0.4853376671723022,True,Energy,1244373888,,-8.419667287603227,0.6395949166004765,False
PBR,0.48943122689177854,True,Energy,114290843648,4.4785357,4.542915711702496,0.6672516902124972,False
ZTR,0.4940742087015172,True,,,12.023049,,0.7727262579583254,False
PRTS,0.49628998735946633,True,Consumer Cyclical,50900648,,12.88098661241303,0.4858232687229701,False
APEI,0.49647833069615566,True,Consumer Defensive,840589952,18.595142,14.848461183842677,1.00418418921916,False
CVX,0.49648389595594933,True,Energy,385611988992,18.938343,19.14248165796309,0.725723696722335,False
PLD,0.4980957303167548,True,Real Estate,138056417280,31.630293,31.643875174803455,1.7297283886928458,False
BDCI,0.5013453713571506,True,Financial Services,350593888,100.9,,0.7375670276521922,False
PFXNZ,0.5072832345748587,True,,,,,0.0664057867899917,False
TDAY,0.5129629897326268,True,Communication Services,1017448256,,23.91962975727066,1.2819677040700015,False
DNMX,0.5227479515371465,True,Financial Services,269406656,,,0.25809425048968776,False
RMMZ,0.523887769805705,True,Financial Services,125398640,185.39125,,0.56208670095518,False
PRDO,0.5365873961140701,True,Consumer Defensive,1978686592,11.498182,7.261789264854508,1.2340537564921854,False
FOF,0.5380228254466717,True,Financial Services,383833216,6.0881057,,0.7482815323560003,False
CARR,0.5397966690604072,True,Industrials,52355637248,45.025,73.5403787819599,1.2845400831863747,False
HNNA,0.5408621632939823,True,Financial Services,78648880,9.476191,7.6034375337553195,0.72034811080953,False
MSGM,0.5457874077074262,True,Communication Services,19117172,3.9482758,23.4333979268147,0.5366907649153555,False
FCFS,0.5479858021493658,True,Financial Services,9278962688,24.339022,53.73114772999737,1.3435532829112087,False
ALTO,0.558746470285759,True,Basic Materials,323848352,6.2313433,16.57031254500936,1.001888686360943,False
MX,0.5643056291548041,True,Technology,140929024,,-3.9673257940171585,0.5377893303626686,False
HTD,0.5765692450142209,True,Financial Services,906342528,5.296046,,0.9785737486419587,False
NBH,0.5776215267539798,True,Financial Services,303288928,14.6285715,,0.895894191035553,False
KGS,0.5798104300519316,True,Energy,6423489024,72.329544,556.8544379132192,1.1282505620489418,False
WATT,0.585705823651699,True,Technology,94838976,,-6.167717196807654,0.41938640937275434,False
RYAM,0.5948002875700306,True,Basic Materials,570578944,,56.46937134736267,1.0579778366186132,False
HIVE,0.6066295384152857,True,Financial Services,745665024,,5.406411135736366,0.7364717221282776,False
NMZ,0.6117203539041784,True,Financial Services,2211804928,14.883914,,1.1956299715095677,False
INEO,0.6123246271633345,True,Consumer Cyclical,10410514,,7.898052639873916,0.6595444296942495,False
MIRM,0.6164759600119732,True,Healthcare,6071900672,,88.11228089519493,0.8592720232740206,False
GBCI,0.6185018565873714,True,Financial Services,6498384384,20.454918,,1.31716614977476,False
SLB,0.62409269587829,True,Energy,77160611840,25.360977,29.76076230889932,0.908346078312177,True
SAY,0.6247368263999178,True,,,,,0.835155225185833,True
NSLRL,0.6315162025169572,True,,,,,0.2536704022239597,True
CI,0.6315940802136067,True,Healthcare,73844645888,11.552707,12.30731990682516,1.261819770755651,True
NIM,0.6327554452607403,True,Financial Services,116002280,24.526316,,1.0056050115397295,False
BWNB,0.6399999015299456,True,,,,,1.4001904574261979,False
JBK,0.6480223792004353,True,,,,,0.32354193273733506,False
IGR,0.64819591042455,True,Financial Services,713850176,39.291668,127.97440805900825,0.806147540035577,False
CIEN,0.6612270580297925,True,Technology,64926785536,153.91779,87.79175306642678,0.7126623084522834,False
SHLS,0.6650917070840627,True,Technology,1407829120,44.026314,-37.71996281473685,1.1237317487717953,False
SNEX,0.666020997248379,True,Financial Services,8140423168,17.52987,,0.8680767539108915,False
COCO,0.6754602992616036,True,Consumer Defensive,3846809088,36.729286,33.93452737877004,0.9513687746832445,False
NHIC,0.6758888676364522,True,,294075936,53.249996,,0.9821272550623135,False
NVGS,0.6786596135396875,True,Energy,1287051136,9.689815,18.937418107560045,0.8857991140290197,True
BANF,0.6809484446402536,True,Financial Services,3868144128,15.54251,,0.9225564481386686,False
DY,0.6920112192959026,True,Industrials,12376518656,39.416348,51.227403781793285,0.8816568361339076,False
NAZ,0.6947601415086009,True,Financial Services,160189696,22.2975,,1.2435856921433195,False
REX,0.6964033335976269,True,Basic Materials,1439707648,15.610714,48.816620096072064,0.8361201800782632,False
PLOW,0.7045096295393357,True,Consumer Cyclical,977774400,19.25909,36.998777689438896,1.712860738609616,False
OKE,0.7115578104399124,True,Energy,58627768320,16.071693,101.45329566481304,0.9856477002364061,False
SBXD,0.7245563308148512,True,Financial Services,275423104,56.94737,,5.13593609070996,False
ROLR,0.7268401728872506,True,Consumer Cyclical,63326156,28.866,-5.438798189236014,0.04174352072357296,False
TONT,0.741936200630918,True,Financial Services,153490416,40.148148,2377.3315536979553,0.28929015744322856,False
AIN,0.7599963620515513,True,Consumer Cyclical,1817978496,,448.7071873129556,1.3390158433791994,False
BNJ,0.7603116843458958,True,,,,,1.2019711599658138,False
DTF,0.7648253341070312,True,Financial Services,80910320,28.073172,,0.6945342239459886,False
FLG,0.7729529337300374,True,Financial Services,5942053888,477.16666,,1.0754456090425988,False
REG,0.7737014349402673,True,Real Estate,14292995072,25.74074,25.944632237003987,1.1216098932955925,False
MG,0.7836128872439545,True,Industrials,559602624,21.168674,25.73736270850537,0.8098264289566044,False
GLV,0.7905133356787396,True,Financial Services,78925592,4.025316,97.19781874716287,1.357206774540469,False
ALSN,0.7935957279116059,True,Consumer Cyclical,10096404480,19.345728,65.428250317757,0.9673028906248149,False
VZ,0.8003793654433322,True,Communication Services,197289508864,12.365886,22.231963534567413,1.0738161799089034,False
IDA,0.8095727109383432,True,Utilities,8244226560,23.636814,-9.941936241862908,0.9410962031358632,False
TR,0.8124084178154992,True,Consumer Defensive,3050868480,31.96063,49.10892164943067,0.8187898715603324,False
PHIN,0.8160254721446168,True,Consumer Cyclical,2704623616,21.151863,12.64234563519974,1.0955357758918098,False
OVLY,0.8218479912786952,True,Financial Services,284795552,12.003546,,0.7639243740419008,False
OGE,0.8226097127042133,True,Utilities,9740867584,20.701756,122.53224394477317,0.9503176985001887,False
SAZ,0.8249223953016362,True,,,,,0.4915898557517055,True
CPHC,0.8354047532216173,True,Consumer Cyclical,80808736,,16.74708264115693,0.9737373737373737,False
HVMC,0.8370121678171462,True,Financial Services,300276096,,,6.502652111732652,False
GIW,0.839494986840632,True,Financial Services,479012128,,,0.995488284092563,False
AQNB,0.8661289577145641,True,,,,,0.38583547191331624,False
CUB,0.8663790665522645,True,Financial Services,284651616,38.857143,-756.9603358865248,1.3451680665592514,False
GEGGL,0.8707219895655822,True,,,,,0.5081226334432637,True
NYC,0.871834294437687,True,Real Estate,24359966,,39.456773317355704,1.3321355570310771,False
ALGN,0.8810683374280598,True,Healthcare,12446182400,30.416664,19.47468076190885,0.9613603960129048,False
NEWTG,0.8813422438552656,True,,,,,0.6355969818020417,False
GAINZ,0.8841746492143936,True,,,,,2.487467175936978,False
VVV,0.8843930830436882,True,Consumer Cyclical,4280979968,41.41975,84.71185957945536,1.0930828351836037,False
RFMZ,0.8948055700912373,True,Financial Services,324608896,222.16667,,0.854352799377461,False
SFD,0.898677199373934,True,Consumer Defensive,8990955520,8.494424,19.519681469597547,0.7107910286491886,False
APXT,0.9028012524187514,True,Financial Services,465115200,,,7.176334594367381,False
VIR,0.9174339840511028,True,Healthcare,1546633856,,-27.512868808190508,0.7609208571933079,False
O,0.9203710947146991,True,Real Estate,59790028800,46.123722,58.38645082550466,0.8394161070283115,False
CCZ,0.9349259903810343,True,,,53.07167,,0.6666666666666667,False
STAA,0.9408877900544822,True,Healthcare,1226041728,,-63.67697126297306,1.1467659202908462,False
MUJ,0.9417945092682938,True,Financial Services,662149120,27.064999,,0.8960524898262734,True
PYT,0.9425262424598208,True,,,,,0.7625043721580973,False
ORIQ,0.944427306861651,True,Financial Services,89441248,61.0,,0.14694305956441878,False
LGL,0.9478657145119063,True,Technology,94472480,749.0,4.320678017983547,0.5853766291142037,False
SAT,0.9537615863791222,True,,,,,0.8452113028257064,False
DYOR,0.9546664337634239,True,Financial Services,232070000,,,2.8635527891638413,False
VICR,0.9603981455992082,True,Technology,10696070144,74.35417,29396.03888070692,1.0749913034797,False
SCCD,0.9606986782206809,True,,,,,0.3730183400683867,False
AGCC,0.961189793025894,True,Consumer Defensive,341113920,374.25,-41.728439365438994,0.6981235703464967,False
BRT,0.9690061219914208,True,Real Estate,267804176,,21.531133711257006,0.9282174545238732,False
IBRX,0.9713851092100597,True,Healthcare,8192534528,,-48.64295798600683,0.6115831436243809,False
ARE,0.9768239447148086,True,Real Estate,8377736192,,18.359500053722975,0.9482722841749479,False
HAFN,0.9770562679304383,True,Industrials,3850814976,8.375,36.128622368952925,0.5432357500407097,False
WPC,0.9863258315021689,True,Real Estate,16281383936,24.476027,22.630408995332914,1.0177727848616631,False
EMO,0.9887660486413324,True,Financial Services,1057572928,4.756076,,0.7107881439808303,False
PTEN,1.036097656504744,True,Energy,4145424896,,19.340325271853843,1.0412827420077606,False
RNGR,1.0367551292055117,True,Energy,402631808,28.675,-66.59570251851852,1.2569895423640964,False
ELS,1.0398002180420762,True,Real Estate,13008919552,31.362318,26.1314252937896,1.2269412929809167,False
RVSB,1.0400619803200624,True,Financial Services,106649640,,,0.6895841114874873,False
AGD,1.0418412213272423,True,Financial Services,324656032,4.1851854,,0.8499681871428487,False
EDUC,1.0441392905389522,True,Communication Services,11764450,6.0,0.6601187692839435,2.0761889983707036,False
OVBC,1.050971215771405,True,Financial Services,214798144,15.147841,,1.862576719788047,True
NEWTI,1.0611016316253667,True,,,,,0.9289617486338798,True
ALDF,1.0633747248720797,True,Financial Services,321979328,51.333332,,0.45617842073538273,False
EEFT,1.0788497059067723,True,Technology,2753781248,11.480158,10.592633574680407,1.239421769791605,True
SBSI,1.0824863115384193,True,Financial Services,984781632,12.9803915,,1.4392578173741608,False
IMKTA,1.095362862028868,True,Consumer Defensive,1700091520,16.362888,17.094106150632253,0.9681271926550721,False
ABXL,1.099488448145465,True,,,,,0.5644051130776794,True
AEE,1.100701359907685,True,Utilities,30337869824,19.293135,-29.139864929454355,0.9153439090609342,False
CEPO,1.1256190148058154,True,Financial Services,272594976,,-448.57416538559556,1.4314891115401964,False
CASH,1.1293024381544365,True,Financial Services,1802920064,10.862329,,0.9807395909792903,False
MXF,1.1298338063054434,True,Financial Services,313156224,3.4038713,,0.8151430380005309,False
OSTX,1.1378019326598832,True,Healthcare,71176280,,-50.67568645259905,0.38111998035927713,False
MEGI,1.148253301901765,True,Financial Services,786958720,4.8774195,,0.9441647702457301,False
ACV,1.1538080372117376,True,Financial Services,288801664,5.40467,,1.37022937219425,False
BKU,1.1580512804894754,True,Financial Services,3410600192,13.153846,,1.342988300781956,False
UTSI,1.1597263426031805,True,Technology,22785864,,2.0056236145770105,0.044023540731660704,False
FTW,1.1627877948169707,True,Energy,354016448,30.54054,,1.047295822968804,True
PPLI,1.1728110306290487,True,Communication Services,3000896256,6.818951,45.599856577789836,1.0535081763788978,False
BRX,1.1894872071632536,True,Real Estate,9196962816,21.407143,23.8122696701799,1.0023328872188475,False
CF,1.1925994015594952,True,Basic Materials,17892708352,8.770772,17.597093580309764,0.561430263545005,False
NAN,1.2065027903964773,True,Financial Services,373122208,31.438887,,1.2490806754221389,False
WNEB,1.2097982939894856,True,Financial Services,281844960,16.93976,,1.086225315142081,False
SGU,1.2163780115574019,True,Energy,415513408,5.5748897,16.64836567368747,1.2997244188832975,False
CVLG,1.2191125804308633,True,Industrials,873122432,688.1,-26.505234736462437,1.5113185439005898,False
DUK,1.2239227564381827,True,Utilities,97065123840,18.748493,-42.637353338350366,1.196615259758357,True
BGC,1.2247462620328073,True,Financial Services,5111265280,26.875,,0.8115583316902402,False
XPO,1.2311175412562367,True,Industrials,24703488000,62.421597,59.54838089124202,0.7658282516161867,False
GNL,1.2376551057123253,True,Real Estate,1911026816,,11.42312396613024,1.0004018406896105,True
SRZN,1.2408167486104529,True,Healthcare,275973536,,-8.67036298228878,2.52985576896335,False
OXLCZ,1.2454858937446391,True,,,,,0.8553705517466537,False
SVCC,1.2515484181352556,True,Financial Services,229766640,40.884617,,1.988841483426321,False
HVII,1.2547795202973724,True,Financial Services,273765472,87.66667,,0.6107462779252636,False
MWA,1.2609461132396553,True,Industrials,4074880256,18.380283,31.39902074160357,0.9596191363330742,False
UIS,1.2615076795358469,True,Technology,210362528,,4.339876754379654,0.9505363648167908,False
OXLCL,1.2723956899134157,True,,,,,0.41263700838168926,True
NMCO,1.2726908477001542,True,Financial Services,586296064,22.052084,15.34868706231243,1.2962491513917176,False
DPG,1.2813657547833193,True,Financial Services,528617440,3.423077,,0.8264150943396227,False
NOV,1.2816970586972867,True,Energy,7420091904,77.09259,12.878349099803792,0.8727450035602935,False
ADC,1.2946713973696464,True,Real Estate,9335329792,40.239246,29.531377444280672,1.1967181456333966,False
CHCI,1.3009882720999182,True,Real Estate,174509472,10.246988,-18.539662827260344,1.1806034075094916,False
ETOR,1.306098731056514,True,Financial Services,2292765952,10.370503,,0.5810749246644898,False
EVRG,1.3336107321443647,True,Utilities,19312306176,20.992481,-24.761456048853034,0.9895764986862783,False
XRN,1.3486917991201528,True,Real Estate,534461088,9.922043,,0.5706408159973015,False
CHT,1.352573016388182,True,Communication Services,32860542976,26.810125,2.1641393120613137,1.0218011348425653,False
SDRL,1.3566092523459423,True,Energy,2905988096,1548.8334,96.43137386281589,0.9029205204417828,False
CORZ,1.360479969942271,True,Technology,6683880960,,20.101792649737483,1.1494840156475954,False
AVO,1.369511232915168,True,Consumer Defensive,1148908032,40.625,40.342300743522344,0.6881776641238827,True
LIN,1.3696734888027164,True,Basic Materials,221766041600,31.057135,59.0450563682979,0.988459559071216,False
CHH,1.3840956274632663,True,Consumer Cyclical,4700700672,14.793201,31.90497691173154,0.9971723329016617,False
INBX,1.3867434106827434,True,Healthcare,1454354688,,-16.410434310450146,0.5421584226350467,False
MMD,1.41862426773479,True,Financial Services,281973472,10.802158,,0.851775745121929,False
ETR,1.4216203943109345,True,Utilities,50169884672,27.497442,-18.498541898912283,0.8856209530499028,False
BFS,1.4231519038745917,True,Real Estate,1205096448,35.773197,33.198016017916466,1.2539842189514243,False
SRV,1.4394454371010497,True,Financial Services,224091904,3.3019257,,1.1045384283459234,False
ECCV,1.4406425020096802,True,,,,,0.7398989898989898,False
CVEO,1.4567662378296993,True,Consumer Cyclical,346336480,,13.631232249518906,1.4188169429378479,False
AEIS,1.4644297916873044,True,Industrials,13554069504,60.758522,394.59204633272395,1.0357665271199286,False
CEPV,1.4667107184451755,True,Financial Services,329662304,94.27273,,0.7971397229106569,False
GTY,1.4842188808790102,True,Real Estate,2070410240,20.260607,23.53508049434033,1.1439259653001266,False
RFI,1.5110007356522728,True,Financial Services,306941472,27.32143,,1.0910994764397905,False
MRAM,1.5132113640311842,True,Technology,423626816,,-34.08355086153916,0.5570901129654335,False
VIAV,1.5190666509698505,True,Technology,10723425280,,,0.8062947381646268,False
FANG,1.5197707391323168,True,Energy,55998226432,37.988552,14.790406591342864,0.70650238952916,False
SWBI,1.5198286973555062,True,Industrials,638736768,34.74366,7.777583157420784,0.6271876655151917,True
LINC,1.5207086697664767,True,Consumer Defensive,959574784,42.605637,215.31017374931477,1.2283829583129087,False
UTHR,1.5333180180752632,True,Healthcare,21678671872,18.122625,34.615738759714944,1.0597802461073575,False
ED,1.545770816312891,True,Utilities,40139354112,17.851152,-78.95857973822324,1.1161605744945509,False
SVM,1.5461003970535194,True,Basic Materials,2580371456,106.045456,79.01942224674916,0.5752922800094683,False
GVA,1.5497871533163277,True,Industrials,5466187776,,6.523731430504393,1.5551676425580265,False
SCD,1.5518493609465631,True,Financial Services,363237216,5.1991806,262.9542252744612,1.2432529594535604,True
HLIT,1.5553532069669636,True,Technology,1454937088,78.882355,-15.443798086384923,0.5482491015269059,False
DAKT,1.5575641904733555,True,Technology,999447552,22.48913,196.63792892948646,0.9388895239602659,False
TBLA,1.5685038646075793,True,Communication Services,1044150592,9.910256,9.235537440578602,1.153213222355651,False
TALO,1.5704103543851329,True,Energy,2562085120,,6.090181825279772,1.0402128465379243,False
BTI,1.5776084984611343,True,Consumer Defensive,123838447616,14.61832,180.75070125646684,0.861337397144127,False
TCBS,1.5783609548464275,True,Financial Services,49870544,14.347108,,0.26192703461178674,True
ATEN,1.5820168067336045,True,Technology,2001104640,47.517242,30.378320520652608,1.3550765882086673,False
CRGY,1.601145009922225,True,Energy,3936760320,148.9375,14.792700318208661,0.7725092904457912,False
VRT,1.6039345140635435,True,Industrials,112376111104,66.18934,41.253935737443456,1.0396067906816833,False
SLGN,1.604154436582888,True,Consumer Cyclical,4422792192,16.411764,28.024254576432973,2.2371150775060267,True
PRE,1.6181447297797622,True,Consumer Defensive,326861856,,-2.3887318694170885,0.7592808113436097,False
GUG,1.6214379332922049,True,Financial Services,509598368,9.364667,,1.2523308821845005,False
FNV,1.626706832153008,True,Basic Materials,44534198272,33.17816,94.6094242456533,0.9488760973208322,False
ACH,1.6393454980039337,True,Healthcare,88363512,,4.53343969730738,0.862344667638266,False
SO,1.6506489058537805,True,Utilities,106811203584,22.373493,-46.84104773710292,1.1078865582390287,False
NML,1.6542140032188073,True,Financial Services,607944640,4.379551,,1.0394209025102559,False
EGY,1.6669754786818844,True,Energy,588022016,,-8.619975840809927,0.8007542602291206,False
ESI,1.667623281678556,True,Basic Materials,9481824256,51.19737,222.65491239360392,1.3900184287396717,False
CDRO,1.6699432376424184,True,Consumer Cyclical,411957472,302.00003,24.44114105256085,0.7860877303570767,False
RQI,1.672815251644771,True,Financial Services,1691269632,35.746,69.38952658425572,1.0523771631701457,False
ARCO,1.6784686993084372,True,Consumer Cyclical,1748503424,7.4774776,19.539042339220586,0.8058174675006656,False
BC,1.682872218526899,True,Consumer Cyclical,5261551104,,18.717422451860905,1.0279463569927492,False
PEO,1.6942621077727749,True,Financial Services,769516288,4.6376686,,0.7973916119902226,False
NBHC,1.6989563242137593,True,Financial Services,1936579584,18.268906,,1.144431073672951,False
AM,1.699195433434861,True,Energy,10580483072,26.855423,,1.007991657166323,False
DOV,1.7103943395549974,True,Industrials,27797997568,24.987892,32.57345763200344,1.4028681105058567,False
PGZ,1.7133847968414546,True,Financial Services,68547688,10.448979,,0.6713224327074534,False
REI,1.7137134478947758,True,Energy,347820384,,-232.66925411417134,0.6703671242868612,False
PEN,1.7145803633705325,True,Healthcare,12876402688,80.12255,77.08070925927508,0.8026136841498284,False
FE,1.7163889403807617,True,Utilities,27371362304,25.170212,-28.704172221278384,1.111992475706337,False
GATX,1.7251928238122427,True,Industrials,6346789888,17.781406,-3.8212507383013907,1.1298711616017645,False
NEWT,1.7395212279056989,True,Financial Services,378101152,5.923077,-0.9960282825706264,1.0766514067670632,False
CRTO,1.762016818873787,True,Communication Services,870235200,8.131454,4.226906909338299,1.5471487604028407,False
IOTR,1.7754515665866044,True,Communication Services,13375654,,-21.379768885268042,0.025462192893691286,False
MXE,1.7802156867492158,True,Financial Services,60194860,2.7804878,,0.8538098783817324,False
GPRK,1.7955490199701791,True,Energy,594445056,6.450704,9.13900992846304,0.4600226778589476,False
XRAY,1.8002619252070604,True,Healthcare,2304530944,,30.80408000305483,1.0607966704904166,False
EMN,1.8102042265914762,True,Basic Materials,8334411264,18.984375,24.136336533813033,1.0252964324725344,False
BKH,1.8301711041192041,True,Utilities,5661414912,18.701511,-129.6640428038585,0.7994921567732423,False
CMDB,1.8423122153849156,True,Industrials,435246784,12.050336,11.207587849711953,1.3801151291128018,False
VC,1.849584851734798,True,Consumer Cyclical,2831968512,20.441233,13.312624376620283,0.9073039322181187,False
ENS,1.8508333704145057,True,Industrials,7310182912,26.075422,19.905866120152318,0.9902524116442692,False
CBOE,1.8513512651951356,True,Financial Services,30579490816,22.823072,43.661096378293465,0.893142508187536,True
CYD,1.8532465373678901,True,Consumer Cyclical,1746282880,16.217701,,0.5853746195401912,False
DD,1.8600840511074315,True,Basic Materials,19456296960,62.112072,11.468276331574845,1.5500006083631968,False
NMT,1.8633180449104276,True,Financial Services,130365536,12.344661,,1.2892290487174112,False
LMT,1.8637943696160584,True,Industrials,139030052864,22.212662,28.18316311230832,0.9864029666254636,False
NVTS,1.8698170151335254,True,Technology,3695778304,,-808.6399622517858,0.5754315912168462,False
APG,1.8714639178857844,True,Industrials,18708219904,,33.62741201918229,1.0950916083651407,False
COP,1.8880014932191282,True,Energy,151032152064,16.62963,21.911330930714154,0.7813139308432306,False
BOH,1.8883428017514723,True,Financial Services,3154848256,14.864312,,1.2199707253810257,False
LGVN,1.8887961031628215,True,Healthcare,21543484,,-0.7895814687698066,0.0797523175690817,False
IMPP,1.8897140630984304,True,Energy,208434960,2.9551284,-0.15118022293576583,0.4112717647445284,False
BKR,1.8916008042241153,True,Energy,62970277888,20.397108,14.318026563000295,1.081916756015149,False
GILD,1.897338588109196,True,Healthcare,169774661632,,19.424212600591808,1.0852836329393543,False
ANNX,1.9068656146974146,True,Healthcare,874099968,,,0.7900600991678618,False
HTLD,1.938969027137918,True,Industrials,976710848,,-12.852908175558492,1.428622632868038,False
XEL,1.955777386989636,True,Utilities,49508515840,21.715069,-11.220189530648524,0.9994336518667014,False
INTT,1.9630631870899953,True,Technology,177573008,197.78572,22.506149595486658,0.5723242147054833,False
UTF,1.967195108151904,True,Financial Services,3014791424,6.8089643,132.03107907402972,0.8303596293327291,False
EPD,1.973743981773871,True,Energy,82427240448,13.207611,106.19308733536734,0.8992967804518348,False
UPBD,1.9939306306976747,True,Technology,1138004352,12.675325,1.7300041016139136,1.438920350218627,False
MUSA,1.9939762362736493,True,Consumer Cyclical,10171132928,16.917458,32.677775222337125,0.9379455744177828,False
GTEN,2.0079882196687695,True,Financial Services,482302496,6.993464,,1.8638274026337909,False
RSI,2.015987598764111,True,Consumer Cyclical,5737252352,82.58333,20.619239977342815,1.6327552833840826,False
SMC,2.0179506533312797,True,Energy,482977984,,,0.7702662803324877,False
NOEM,2.019064451899356,True,Financial Services,102184096,66.625,-139.971076068083,2.6460859977949283,False
ICU,2.021308828553129,True,Healthcare,12470646,,-0.45921340305418973,0.47333403681366704,False
NTST,2.021697670491869,True,Real Estate,2026221312,148.17857,25.929110633093302,0.8354904161484612,False
STNG,2.0285929992623664,True,Energy,3930134016,4.889408,8.656043225614509,0.7105373566230151,True
ES,2.039475397818961,True,Utilities,27184947200,15.478587,67.85435302693425,1.0083146422113995,False
SMG,2.046981621545616,True,Basic Materials,3623047424,24.027027,24.47466520724346,1.1837847855448758,False
FHB,2.0883103011514907,True,Financial Services,3400973824,12.152175,,1.2883703498937142,False
IHS,2.0948859966714632,True,Real Estate,2820072192,5.113497,-15.543702273841491,0.9974457113242404,False
OFLX,2.1012966689517185,True,Industrials,295662688,22.022556,24.86287200231147,1.0178584771725323,False
IBOC,2.1022036243307936,True,Financial Services,4545422336,11.007154,,0.8057085400375571,False
UPS,2.121176477148538,True,Industrials,89204449280,19.488848,20.234216553139664,1.062996628734196,False
BGSF,2.141740009589717,True,Industrials,58119828,,2.7439608827080675,0.6202048776306203,False
MSCI,2.1494584159984336,True,Financial Services,41012252672,30.826778,39.442614885510906,1.4476831505368581,True
GERN,2.1629104891752746,True,Healthcare,1007187968,,-10.590272883015299,0.7788546095314327,False
EOG,2.16605982561026,True,Energy,75593310208,11.044747,17.51026543519169,0.7366669832327634,False
SCCF,2.1951800247962927,True,,,,,0.7662835249042146,False
MEOH,2.1952659755684127,True,Basic Materials,4181925376,61.426136,10.193094336810542,0.7323307297760164,False
PCG,2.20088465146109,True,Utilities,39047966720,12.755396,-16.884069323223855,1.392911943677971,False
NCA,2.2077554983698233,True,Financial Services,305053504,26.314287,,1.4693288486539997,False
PG,2.2254554629587835,True,Consumer Defensive,337763303424,21.944025,27.179934869252754,0.9335926452385412,False
PFE,2.2284489489684463,True,Healthcare,151981801472,35.08553,16.181521961014823,1.0513370160948727,False
MEC,2.2358784283302313,True,Industrials,598620288,,-92.68335023371245,1.8699633456693505,False
KYN,2.2366522712381007,True,Financial Services,2502608640,5.102517,,0.8089544310438257,False
DBRG,2.2384679044460616,True,Financial Services,2946071808,10.022013,10.441257176886714,1.2377331020291948,False
NVS,2.242406375288062,True,Healthcare,289022705664,22.935143,27.84117009590462,0.9377304573549554,False
CLSK,2.246475494059158,True,Financial Services,3161418240,,96.37030590376024,1.093131808886807,False
KOS,2.2539868413259843,True,Energy,1458349312,,21.330592593421304,0.6965336237401091,False
DYNC,2.257216079972891,True,Financial Services,240146656,,,0.18357906028487667,False
SCCE,2.259802663543338,True,,,,,0.9349687572321221,False
AUC,2.266942125926628,True,Financial Services,67036924,,-1.7591341396612126,0.608284681679177,False
EXC,2.274755074857841,True,Utilities,47061999616,16.794117,-36.32550394374174,1.0835694734376966,False
RDNW,2.276148197804057,True,Consumer Cyclical,241868736,,-33.41503387405542,0.7541539504916921,False
SCCG,2.2777389956025194,True,,,,,0.8444096950742768,False
TRP,2.290651262591757,True,Energy,65975099392,25.130953,109.4614834198756,0.9895164379094974,False
ETB,2.2913790678090162,True,Financial Services,460301792,7.6813726,,0.9236877896595956,True
PDT,2.2941397990387786,True,Financial Services,626619712,4.9960785,,1.1123225999331727,False
RLTY,2.296946553802492,True,Financial Services,263043440,14.564814,,1.0361582797032902,False
EPSN,2.299195171771007,True,Energy,164552480,,12.064143356120452,0.6166951302548009,False
GLO,2.317149265980625,True,Financial Services,259377152,3.5057805,-685.798090098093,0.7712204196281007,False
IVT,2.3185625533485124,True,Real Estate,2613837056,176.42105,30.771056645197774,0.8517389290133355,False
NBR,2.3240817265275395,True,Energy,1325122048,6.041498,28.65042309465495,0.9251827914975932,False
DRS,2.3360626065331513,True,Industrials,11876672512,37.394955,36.75940509622496,0.8409382946621854,False
XWEL,2.338815587264707,True,Healthcare,8411333,,-1.703332515548669,0.08687084957610146,False
NATH,2.35292030462464,True,Consumer Cyclical,397013952,20.07557,22.29233953544033,0.862830621260415,True
ACGL,2.359425478441124,True,Financial Services,33360029696,7.7274885,7.836349467568802,0.9229029407070951,True
ABOS,2.3609422805333025,True,Healthcare,178402128,,-1.8232951199984915,0.5765520542940946,False
DJP,2.372434621210239,True,,,,,0.4232070921836884,False
ECF,2.376053301764285,True,Financial Services,179055104,4.148734,,0.5593260802837556,False
CKX,2.3797093900731805,True,Energy,22409902,7.6866198,111.05940190374633,0.570645524396809,False
RMM,2.380036592265545,True,Financial Services,287211584,76.57895,,0.98137343080956,False
SMHB,2.3813555856220114,True,,,,,0.7830230387581667,False
DSX,2.383306570503049,True,Industrials,308546016,5.0612245,,1.0194326769118054,False
MGIH,2.401681486824306,True,Consumer Cyclical,18168750,,-4.391512625370792,1.7348590742890535,False
GLNG,2.415348811873451,True,Energy,5305270272,40.40698,-8.292950675792182,0.8247922236275241,False
MLTX,2.453805187535584,True,Healthcare,1428941312,,-7.818295528896465,0.7934323509081022,False
EGP,2.4638039053878362,True,Real Estate,11035360256,36.00351,33.011726619008456,1.696492189509947,False
WSBK,2.4835167781837484,True,Financial Services,116556864,26.545918,,0.7468716129667948,False
UNB,2.49120526171396,True,Financial Services,119937296,9.362935,,0.6369798119670578,True
AKO-A,2.4921663844476987,True,Consumer Defensive,3754729728,12.460732,,0.6709677419354839,False
LSAK,2.494233811733194,True,Technology,414398496,,41.9974855818988,1.267605633802817,False
CMP,2.5022814281508543,True,Basic Materials,1114802048,63.226192,20.145371629182666,0.848092578933227,False
ITRN,2.5167064278817977,True,Technology,1056989120,17.324677,15.678390602103319,1.2998557781697395,False
CZWI,2.521776932585998,True,Financial Services,199759792,15.681818,,0.8357973585649517,False
LSTR,2.5253645150793353,True,Industrials,6401522176,48.741604,63.07231780557522,1.2851736186764147,False
PMA,2.5263509990005732,True,Industrials,17386500,,-8.539542242095987,0.0475929741200636,False
CBU,2.5269410898379947,True,Financial Services,3454365440,15.232598,,0.9667619794823361,False
VMI,2.533500464352416,True,Industrials,9577143296,19.28538,71.87651680004248,1.1871075551150272,False
DFIN,2.5452371340388247,True,Technology,1178008704,31.113638,10.223177142857143,0.935697530012419,False
EDF,2.55258924059221,True,Financial Services,167799248,4.6238937,,0.5740235945601535,False
CW,2.556838341006791,True,Industrials,26210529280,48.773197,49.54731246182556,0.8332270140815292,False
LGI,2.5664811367075235,True,Financial Services,242561232,7.28125,-267.53630863705916,0.9338473777614589,False
MRBK,2.57033725908932,True,Financial Services,238521328,10.9262295,,0.8817376218257276,False
CCO,2.5858419552287684,True,Communication Services,1216734336,,93.22171329356323,0.8985547763825145,False
EDTK,2.592162433937848,True,Consumer Defensive,14017917,,-10.140259889541472,6.119614512471656,False
IDE,2.5964359714068794,True,Financial Services,201427488,3.210145,,1.0424908083957742,False
BANC,2.5967288170554403,True,Financial Services,3135379456,,,1.627070019742906,False
JOE,2.6254410016500835,True,Real Estate,3914537984,32.28169,36.2409327209408,0.8861433876218028,False
WTRG,2.636842909685126,True,Utilities,11450465280,20.692307,-30.365014567664662,1.0467734652013763,True
INBKZ,2.657689483957929,True,,,,,0.955758189800743,False
BCV,2.6676107125634267,True,Financial Services,145358640,3.855224,,1.2782719736813626,False
WMB,2.670566370939307,True,Energy,90465468416,29.466135,-81.06177478092314,1.0637829625379496,False
EMA,2.672268407091666,True,Utilities,15744508928,22.681416,-27.05079280799532,1.805956519565143,False
VTOL,2.688385983105035,True,Energy,1361753472,13.201149,-59.02586962143053,0.9198470452402894,True
VRA,2.7032362188793244,True,Consumer Cyclical,95268144,,5.246131087271888,0.30972183927123015,False
MDU,2.7065450196541536,True,Utilities,4331095552,21.904255,-14.314803088933786,0.9236790810323215,False
AUGO,2.7070301488837427,True,Basic Materials,6231173120,20.819326,16.664901888878134,0.8415758488203378,False
DNP,2.713794192181761,True,Financial Services,4128076288,9.443966,101.979756878461,0.8540822435640527,False
VET,2.71723198822882,True,Energy,1689204096,,3.4495969002854894,0.9768759288572947,False
UTL,2.7270229339446397,True,Utilities,995312064,17.381369,-29.41384227700544,0.7667145772077154,False
WERN,2.729592648851952,True,Industrials,2308079360,,45.86801910715339,1.5650756272076805,False
LGCY,2.745673347347792,True,Consumer Defensive,136009408,17.916666,35.193071385967926,0.8093631965235406,False
BJ,2.7527134611601354,True,Consumer Defensive,11891995648,21.409195,164.4659748237325,0.6853299895637004,False
HEQ,2.7566715239624595,True,Financial Services,141134080,7.4807696,,0.48041280883097376,False
ACEL,2.763456902326867,True,Consumer Cyclical,1010899776,18.537313,18.974714856755895,0.8224625050411544,False
REPX,2.767910085307489,True,Energy,780923072,6.28344,7.688403459010462,0.5187334745167491,False
TXT,2.76846603913552,True,Industrials,15326574592,16.474766,39.896006612178674,1.4462840310458875,False
RILYN,2.76848711106338,True,,,,,0.35923775947481995,False
GENC,2.7727984717868845,True,Industrials,264498240,17.691177,4.6148078226019456,0.7707997131074054,False
ISSC,2.7779998729190147,True,Industrials,372705952,21.926315,46.19760428232441,0.5598561616526364,False
UDR,2.793983469189181,True,Real Estate,14064774144,24.025314,24.231625460850474,0.9881133192371333,False
LKFN,2.7942437117191408,True,Financial Services,1565049600,14.440367,,0.8147889731093563,False
KDP,2.8056594446319116,True,Consumer Defensive,41940656128,31.131313,17.546696212216766,1.0432889326462642,False
STAG,2.812279197036873,True,Real Estate,7334833664,28.669231,22.557634941681645,1.4405033859524623,False
HGV,2.8124647550068804,True,Consumer Cyclical,3489425408,24.399456,-88.24874733858267,1.2589929309316457,False
XOM,2.8142194885544565,True,Energy,653012697088,20.465206,33.64079680087568,0.7495328692140086,False
JOUT,2.8152321548393604,True,Consumer Cyclical,509207168,,14.435533047615303,0.6365374112506826,False
TJX,2.818984216852884,True,Consumer Cyclical,169196519424,29.797667,41.07062318202479,0.986803577108363,False
RMI,2.8210060136490376,True,Financial Services,99442808,130.0,,1.8961293483586477,False
RFM,2.828531086617921,True,Financial Services,90925576,165.22221,,0.6422668240850059,False
KF,2.83381954721956,True,Financial Services,267360976,2.8125546,,1.2168643595701027,False
CECO,2.8515350367661574,True,Industrials,4652787712,,-31.656963316725246,1.3739430136375859,False
ALGM,2.8567413078147146,True,Technology,8219845632,629.9629,77.87678087931239,1.0261451241942754,False
GLQ,2.8794860395750344,True,Financial Services,157400208,2.8571427,-318.4390544311512,0.7010861125574342,False
ASGI,2.8826364118205903,True,Financial Services,760515584,4.6871343,,0.9438287485981924,False
AWK,2.8934244081449125,True,Utilities,27062913024,23.601385,-23.890508352235358,1.2573370976616938,True
RGCO,2.8978177716271634,True,Utilities,224124656,15.933333,235.48012869711957,1.389005808569745,False
TTE,2.9079130488198364,True,Energy,191685115904,10.820401,16.909320124747307,0.9149914036415701,False
MTX,2.9095522011503814,True,Basic Materials,2270376192,,7.387642988384327,1.3932355225630966,False
SCOR,2.9126235233128654,True,Technology,91467800,1.1018182,249.51424743980073,0.2994035944442221,False
PANL,2.913466935183163,True,Industrials,498582752,10.431506,12.552241060446294,0.5777595555624754,False
NWE,2.932283038131468,True,Utilities,4407753728,25.866426,-32.648537967874574,0.725757501189363,False
OGS,2.9573282316552794,True,Utilities,5127016448,17.57916,-38.35151498220364,0.8967908601410343,False
GNE,2.9845479087715545,True,Utilities,383213728,13.0,7.166632890050315,1.0288340796550335,True
UTG,2.9913431929127463,True,Financial Services,3705090816,2.9127443,,1.3232139422721287,False
OXY,2.999152109124136,True,Energy,57784037376,17.051622,20.571330175518437,0.6245412502073523,False
PECO,3.029792652339105,True,Real Estate,5716035584,35.517548,49.338965386842766,1.0029586858097002,False
APT,3.04893996516605,True,Industrials,55113580,13.846154,9.758957905946977,0.4323275804801573,False
NIE,3.0525400816582655,True,Financial Services,741491904,6.4794188,,0.8098450932173109,False
SPNT,3.0609537074923487,True,Financial Services,2679346176,5.6810346,13.099620826943456,0.9635976459585325,False
WWD,3.0708822401049716,True,Industrials,21292513280,40.112347,119.23883160087743,1.0071387298539793,False
EQ,3.0776346764757054,True,Healthcare,137833904,,-6.310730233983856,0.6742214046989942,False
SVCO,3.1114105556207425,True,Technology,250486928,,84.68233931996512,0.7058885450581337,False
HAS,3.1140742554344203,True,Consumer Cyclical,13505007616,17.037367,23.11822910427717,1.486989450886187,False
TTMI,3.115540039531209,True,Technology,14898436096,63.7027,-778.9155909750948,1.4722059875154134,False
GITS,3.115970476101913,True,Communication Services,7715836,,-11351.302521008403,0.07747153440979389,False
UNFI,3.124112872440327,True,Consumer Defensive,2950308096,,12.457754793782383,0.6830279972798828,False
BODI,3.135061024872507,True,Communication Services,46695156,3.683908,4.464458943402689,0.38987661354737446,False
OBE,3.1539479599971476,True,Energy,687940608,34.366665,-17.24723778181085,1.0687442276953825,False
EE,3.168480112942687,True,Energy,4045052928,24.431505,-89.40355063964779,0.8155959768318957,False
IHD,3.1978764798421446,True,Financial Services,133394952,3.082459,,0.5299663634405395,False
CDNS,3.2289712365898655,True,Technology,89498148864,64.38194,55.97849167888477,1.1108545813704793,False
MCB,3.230541502798887,True,Financial Services,1179400576,12.164961,,1.3103663341117546,False
ABLV,3.237215025040622,True,Consumer Cyclical,38904440,,17.755597510314516,0.1150087340205117,False
TXMD,3.255961000321174,True,Healthcare,23958928,,70.94084647302904,0.5389964449170654,False
ERH,3.2577864370636265,True,Financial Services,102629712,4.6294823,77.522979948035,1.5691489361702127,False
CWBC,3.2659949911366373,True,Financial Services,706574720,14.795455,,0.903990986182767,False
AEP,3.268242532570182,True,Utilities,68330037248,21.753033,-20.345587506959365,0.9915246620284427,False
CTVA,3.2814374643745676,True,Basic Materials,50233188352,45.630302,21.986683658140112,1.327652642350637,False
MCK,3.299704807833328,True,Healthcare,101175943168,23.290123,16.47086190125922,1.0590671258326096,False
GFR,3.3034728258406885,True,Energy,856049664,,-15.530538682064936,1.0923630468734555,False
CERS,3.3054489490435595,True,Healthcare,557216384,,648.2244661525278,1.3617922011926828,False
FLOC,3.3116846859660423,True,Energy,2562139392,17.840908,46.36420676854736,0.5894386358312457,False
NMI,3.3262126644694683,True,Financial Services,129720512,18.842106,,0.8898322053582155,False
WMK,3.3360491601189493,True,Consumer Defensive,1788291840,18.022442,178.7376146486987,1.104165567688277,False
AOMR,3.3532377374254354,True,Real Estate,208701728,12.148648,,0.8051913653820686,False
OHI,3.354137276082108,True,Real Estate,14579145728,16.450178,27.264415236911546,0.982331603932041,False
GRBK,3.3612517041697827,True,Consumer Cyclical,3042576640,10.653614,473.7893809506701,0.9662878621678147,False
PDX,3.3624316494723776,True,Financial Services,971929024,,,0.8511275804715781,False
APYX,3.3646726028176337,True,Healthcare,131005712,,-14.368378336988826,0.5636387641932928,False
KEX,3.3751407040912174,True,Industrials,7220400128,21.006144,24.099060346720062,0.9118790961001881,False
HIFS,3.378299316782802,True,Financial Services,692902784,10.501165,,1.3540721768671184,False
MTRX,3.3802070533700683,True,Industrials,330854080,,1.166459013456942,0.7418966437948996,False
EZPW,3.3833175536898907,True,Financial Services,1792917760,14.663317,-207.2205730123931,1.0964661344993278,False
ABX,3.3921062854236137,True,Financial Services,838079552,31.740738,,0.816790156669768,False
LPA,3.3925684998338688,True,Real Estate,101435640,32.0,126.85180465991313,0.11660711392445769,False
KIM,3.413283707324525,True,Real Estate,16330366976,27.982758,28.15153138799001,1.0269232856668202,False
MGEE,3.417663383793252,True,Utilities,3084686592,20.009804,-19.312983863030244,0.7352758924861307,False
CHW,3.4231874307212444,True,Financial Services,558174720,3.0559442,39.066723473116596,1.2289769542870008,False
HON,3.427819417044971,True,Industrials,74189316096,8.999616,38.564446000927546,0.8486184681465323,True
TSSI,3.4305295588274207,True,Technology,355135520,22.999998,-10.761931563623909,0.44723068227340323,False
COST,3.4339081067910824,True,Consumer Defensive,423324909568,48.088413,60.31311565157136,0.9331970075628115,False
ALGT,3.435965906586457,True,Industrials,2369910016,74.732765,21.032835819913704,0.8436886462672987,True
HUBB,3.439668707578262,True,Industrials,26794426368,30.057438,65.08675092088035,1.1939594377413192,False
ALLO,3.4427549195349574,True,Healthcare,714469888,,-7.804613210243633,0.6695365906941928,False
RRR,3.444819071617449,True,Consumer Cyclical,6406868992,22.19788,42.03674998476695,0.8785744049118375,True
IMO,3.4468459550099126,True,Energy,64608964608,21.162167,14.02622621219487,0.8085088129532156,False
RILYG,3.46506004651296,True,,,,,0.3428663627929491,False
TWO,3.468881008264174,True,Real Estate,1265917184,,,1.3245752855978952,False
F,3.4865607635505316,True,Consumer Cyclical,55786463232,,-24.729756792829853,1.0530093138197651,True
MLP,3.487420325629139,True,Real Estate,315136064,,-33.36902144066693,1.1640726329442281,False
VLGEA,3.48794983631475,True,Consumer Defensive,629995776,11.591281,26.193720390183007,0.7957407545946485,False
XPL,3.508774070137044,True,Basic Materials,74194744,,-27.38099814215192,0.2870733885876903,False
FNRN,3.5101576432975348,True,Financial Services,286917792,14.112903,,1.0642263716872786,False
POET,3.5123711018105297,True,Technology,1609401728,,-22.091393787542234,0.4194989483477388,False
LONA,3.517589980654491,True,Healthcare,74114824,,-0.388266617516125,0.2677303483418261,False
BSBK,3.5188682429916374,True,Financial Services,112970952,43.285717,,0.9050163764868127,False
ANGH,3.5197715221583845,True,Communication Services,33630440,,-1.0613401004259277,2.2583306886702634,False
EME,3.521474079776031,True,Industrials,36942483456,26.098785,37.193631412468555,1.2157876442648134,False
FTI,3.5282723699204674,True,Energy,29679001600,26.46154,20.34793938694181,0.7884176260197044,False
FGBI,3.5338139906267383,True,Financial Services,136943696,,,0.49565870683670465,False
OCFC,3.5346809611890095,True,Financial Services,1879749504,24.012346,,1.1146013917125017,False
ATMP,3.5383191592682115,True,,,,,0.6074314467882841,False
CSTM,3.5416612455851313,True,Basic Materials,3942501632,7.516796,107.52574776689977,0.8670233343712552,False
CNQ,3.5424170809472604,True,Energy,96916684800,11.665682,15.583369858143891,0.6307380685074545,False
CAF,3.549188808981807,True,Financial Services,328115840,4.701205,,0.5137137221161312,False
DTE,3.5552282584588277,True,Utilities,29044932608,22.085443,-21.820884533335384,1.0665388890320995,False
DGXX,3.5599747640510224,True,Utilities,421287104,,-7.992958597799375,0.4850643341313222,False
ADM,3.5634386365653414,True,Consumer Defensive,38773399552,21.980873,40.33455838915582,1.1292240842707468,False
AKAM,3.571926918199246,True,Technology,18085298176,45.5942,33.27763905775097,0.8044390083300487,False
EIX,3.573934271031261,True,Utilities,27321792512,7.327142,869.8159688254932,1.2393631528036932,False
LTC,3.574642746415467,True,Real Estate,2113098112,14.000001,8.46863645828464,1.119969720920395,False
CAT,3.5920624609792,True,Industrials,394079272960,36.96852,85.6600960844219,1.2033960629975566,False
LNT,3.6001113878451076,True,Utilities,18310686720,22.3481,-26.615572713778686,1.1691430340475861,False
GRNT,3.614455788851116,True,Energy,660160704,,-12.518571519494294,0.7810209638882631,False
OLP,3.615387791142356,True,Real Estate,533161312,15.4613285,23.75101239213074,1.381840562776183,False
TK,3.6212989057734744,True,Energy,1073780736,5.915459,10.73680574755682,0.9952529447550069,False
D,3.6312174731803863,True,Utilities,60348407808,23.824549,-12.978469858493396,0.6342297980961141,False
ON,3.6405388444119167,True,Technology,32592979968,54.718628,20.10186347727632,0.9964523133735823,False
GLRE,3.6446452365007582,True,Financial Services,517728256,10.547297,1.8767614960435117,0.8094872713011748,False
WY,3.719521358199277,True,Real Estate,17924704256,37.681816,1671.0035587522937,1.0787261890942128,False
CLS,3.7220171310970183,True,Technology,44554428416,37.82602,54.14534686669715,1.817026221942943,False
RCG,3.7234039913585697,True,Financial Services,19475120,25.235455,,0.8100456621004567,False
CMI,3.7268096684803407,True,Industrials,87597531136,32.421604,41.81902730391103,1.200915393763889,False
SPIR,3.728586583933999,True,Industrials,538864768,,53.680593275080746,0.4708211747499059,False
CL,3.730913828405899,True,Consumer Defensive,74085253120,36.58858,23.22738307905005,0.9281575800759894,False
HESM,3.7836685777024233,True,Energy,8290432000,13.865517,17.40585792932637,0.6838370705738868,False
ENPH,3.808308276733467,True,Technology,5327284224,40.019802,64.64525291450433,0.7906314173089463,False
ROK,3.8151574967708957,True,Industrials,49600999424,41.743927,40.84921066785988,1.2133351070193623,False
CING,3.8213271953499044,True,Healthcare,65055444,,-4.253784825529225,0.26545589325426244,False
SWX,3.8363057212295324,True,Utilities,6705588224,23.794344,-25.374842152409823,0.9967272135455274,False
PPL,3.8390284984235605,True,Utilities,26885238784,21.14497,-24.107429992495156,0.9659259561994409,True
CGO,3.8503977625138686,True,Financial Services,131490176,2.9933112,42.914526708621985,1.041390634731895,False
UNIT,3.8564908278231234,True,Real Estate,2319238656,2.4882815,-49.566086779965744,1.0747278842268038,False
HTH,3.8620162178877973,True,Financial Services,2275989248,14.769516,,0.8461108551340467,False
GOLD,3.87009207350687,True,Financial Services,1293740032,14.529316,-3.8208706733076374,0.739173514506978,False
WOLF,3.8721611574632395,True,Technology,1697928448,,28.650037301187176,0.8592635017440279,False
GASS,3.8791469746346743,True,Industrials,337274176,5.3668637,-6.862550709770012,0.5506214396685655,True
TNYA,3.8910678086110826,True,Healthcare,172118960,,-2.977365868621647,0.46603210563316233,False
PBA,3.9008384979948922,True,Energy,28525273088,24.044117,30.14047303921655,0.6913209332646945,False
TRMD,3.905102858219462,True,Energy,3046957312,8.728739,-184.2370719807923,0.4827532995559591,False
KMI,3.9240101375906375,True,Energy,71014219776,20.4609,96.96597772109529,0.9888699027606384,False
ETV,3.927689799612523,True,Financial Services,1776420736,8.0078945,,0.8657766197291709,False
PRVA,3.93392749341569,True,Healthcare,2785883136,99.13636,25.13078793811746,1.3276826100210817,False
MYRG,3.971901162250729,True,Industrials,5208537088,31.74004,28.81305346917763,1.2055286862127887,False
RRC,3.9735128489193507,True,Energy,9314465792,11.134079,22.894283407867782,1.0698088848819958,False
FLNG,3.973748586148678,True,Energy,1626557696,21.633093,30.036119906139103,0.477187356732345,False
EQIX,3.977966535700369,True,Real Estate,106002014208,69.30904,33.86912325423729,1.109708349980024,True
KMPB,3.982489971123355,True,,,,,0.6910506895203115,False
FIBK,3.987140637251784,True,Financial Services,3715926784,12.071208,,1.1262998275611422,False
CENX,4.004947960316633,True,Basic Materials,4841267200,8.446459,-108.80922789089927,1.0095066483278154,False
NPB,4.013013170838475,True,Financial Services,601032320,7.4913793,,1.243879877685931,False
DVN,4.013937167848274,True,Energy,48498999296,9.584783,77.03433646404847,0.701140573869387,False
EXR,4.01744999808598,True,Real Estate,32880263168,32.887413,30.44037657725273,1.3170719439838907,False
TRGP,4.0427059281973925,True,Energy,57840623616,25.812439,1172.5245217391305,0.9711453810372787,False
LNG,4.053151235851507,True,Energy,55732211712,20.458302,121.41616055581164,0.638114587125102,False
TEI,4.055090299020601,True,Financial Services,320680928,3.395,22.34101580447426,0.6366268548678972,False
FLS,4.058201328394311,True,Industrials,10213698560,27.84495,27.8868806473389,1.0390698642084963,False
HP,4.073154524109133,True,Energy,4292377600,,12.212010740264551,0.8732005089455815,False
SWAG,4.089222217770491,True,Communication Services,35788012,192.0,246.05366857142857,0.62417906446857,False
CTRE,4.090037144499621,True,Real Estate,9279234048,24.54375,-123.13123308543905,0.6839820205995023,False
MGLD,4.093212675177262,True,Financial Services,46810756,,-26.87020701262272,0.3319860434587349,False
IPWR,4.099492508320311,True,Technology,77263248,,-7.049997982371038,0.24557298331566182,False
NMS,4.103350228013102,True,Financial Services,74031584,9.956897,,2.3984844740960383,False
SKYQ,4.109589667453568,True,Energy,15996377,66.726,14.26865866047066,0.8018485226420201,False
NEXT,4.114491800098862,True,Energy,1828693888,,-3.115646498141836,0.7977383626498203,False
MLPB,4.119810291965218,True,,,,,0.5897920604914934,False
GLAS,4.13953884631216,True,Healthcare,928212480,,-42.775592376000404,1.4094808943285906,False
CHNR,4.140205530137393,True,Basic Materials,5126063,,-0.8821763709658182,0.09919802163569476,True
KGEI,4.146777007582859,True,Energy,207015312,15.289474,-9.16701134402109,0.595756811907334,False
NBXG,4.147236432032948,True,Financial Services,1238130688,3.548533,,0.9639375575305756,False
H,4.162153318355182,True,Consumer Cyclical,16902300672,224.2,123.52426892217328,1.172343080210997,False
DBD,4.192584618098447,True,Technology,2484890112,24.238409,10.530302630940646,0.9083535219514292,False
GOOGL,4.198524495464101,True,Communication Services,4241219387392,17.400402,180.80009035958145,1.1756303138251907,False
DLX,4.200713998622203,True,Industrials,1099633792,10.999999,13.68696679081359,0.9567494521373245,True
WRB,4.21922763129631,True,Financial Services,26011912192,14.507247,8.639497506115873,0.98107170560555,False
FMX,4.219501939785458,True,Consumer Defensive,40067547136,23.060785,2.882344175564778,1.198732402949601,False
JBSS,4.222719647090876,True,Consumer Defensive,1004485184,15.049037,25.81242390375274,1.2528604500663825,False
ECL,4.223473221931384,True,Basic Materials,77607575552,37.110588,58.89803342628538,0.8684736768989071,True
AIRG,4.234129529401109,True,Technology,69889752,,-88.35017325988983,0.8468095707461846,False
CAMT,4.245807321536408,True,Technology,8135429632,238.80136,,1.1864314860329863,False
ODFL,4.253467545230661,True,Industrials,44930031616,41.58925,45.12854251032164,0.9383592667452871,False
DJCO,4.256300757108014,True,Technology,782563136,56.071075,125.66745893629891,0.9549104461903258,False
CPK,4.263229747945778,True,Utilities,3287397376,21.784344,-22.385515809832967,1.197146187002448,False
AVB,4.263375957609243,True,Real Estate,26467604480,25.460165,24.797418969931524,0.6569477558812585,False
AUNA,4.272837261397538,True,Healthcare,385092864,19.259258,17.303647209908302,0.4430494115204029,False
FSBW,4.282546211804686,True,Financial Services,324145472,9.98055,,1.571648690292758,False
TRS,4.287433735671625,True,Consumer Cyclical,1405538304,18.746412,2.05408155389929,0.9886126091462977,False
UAA,4.296974750176593,True,Consumer Cyclical,2289477632,,22.19331518647915,0.9160333190318719,False
WILC,4.310801575995276,True,Consumer Defensive,394524928,14.699483,,4.769705603038937,False
EQR,4.3111763048456275,True,Real Estate,25661480960,28.860868,23.238371468664607,1.1601083660914446,False
NNN,4.314518410594034,True,Real Estate,8867230720,22.758621,-10.051949018947376,0.8234289831115419,False
CNP,4.322874368555809,True,Utilities,26872492032,24.282738,-9.801263285866675,1.3111871090581166,False
IPM,4.323309287871117,True,Technology,24050920,,38.25616505130294,0.13155523517750947,True
SYNA,4.3250186875355725,True,Technology,4346741248,,31.658087323755428,0.793011287413099,False
BWMX,4.353302893465987,True,Consumer Cyclical,617172736,6.3735003,-4.7661725828076,1.3548979007794217,False
POR,4.355513710390408,True,Utilities,5939191296,22.345133,-27.22370950912964,0.9330499723843142,False
NGS,4.367752655082007,True,Energy,475172832,23.025,-13.641765687274454,1.0928700315699633,True
GOOG,4.381645964663792,True,Communication Services,4215169351680,17.293528,180.16875880723546,1.1379078547775874,False
GCV,4.382583550382547,True,Financial Services,95297608,4.6831684,439.70733992712127,0.5497206703910614,False
HLX,4.3856509049627785,True,Energy,1494458112,42.250004,4.8896499960077895,0.864204509622055,False
FHN,4.388467513542777,True,Financial Services,12320574464,12.502404,,1.1217538681365673,False
ATO,4.394979057462551,True,Utilities,28855642112,20.352205,-17.317617095183937,0.7908459514115782,False
BNL,4.415068219852048,True,Real Estate,4534697472,28.026316,29.58750489241475,0.9038576133756212,False
GLPI,4.426466726491647,True,Real Estate,13034261504,12.725146,41.435769353760726,0.9831655152864729,False
BALL,4.446737917984218,True,Consumer Cyclical,16533908480,17.793695,61.99583088129872,0.8024558578763593,False
AGIO,4.448305465918458,True,Healthcare,2013744384,,-5.302167543080217,1.3251577086116237,False
USAR,4.459070601905505,True,Basic Materials,4597370880,,-10.521459680417543,0.7958186649020006,False
SM,4.467351588853508,True,Energy,7592301568,5.6595745,9.866447177585124,0.798947405647213,False
BCH,4.48162363164454,True,Financial Services,20218568704,15.337165,,0.7959958150780907,False
ETW,4.488826470983922,True,Financial Services,1074998656,5.755174,,1.008656805153886,False
ESE,4.498222786059817,True,Technology,7767488512,55.728626,33.60103433738582,0.662216096806259,False
EGBN,4.509506835533146,True,Financial Services,885864192,,,1.0708095525152146,False
ABCB,4.515133663874389,True,Financial Services,6002071552,16.1736,,0.9918304015694739,False
FTH,4.5166242095105105,True,Healthcare,768364992,,670.4781827218243,3.326309373827017,False
UBCP,4.528487046748542,True,Financial Services,93330912,11.376811,,0.24793156640022437,False
INDB,4.531839396920848,True,Financial Services,4060479232,15.500904,,1.0192898945812205,False
SYY,4.532771803001818,True,Consumer Defensive,40623509504,23.184427,27.498937169915646,0.9273886155461777,False
LPTH,4.549702892978599,True,Technology,851267392,,260.3256233578556,0.8640647513341955,False
HYNE,4.561956835016416,True,Financial Services,132749304,409.87503,,0.19532793641115964,False
ENB,4.581741766430995,True,Energy,112655130624,27.731184,-219.53630063153108,1.0397092695747654,False
XPRO,4.594505854901591,True,Energy,2080817920,101.94444,11.778467918847786,0.8632040363758066,False
UA,4.611263058815148,True,Consumer Cyclical,2233164288,,21.781330370557768,0.9245572806882352,False
NXPI,4.612773184395022,True,Technology,59141324800,46.72012,18.839279170263328,1.384187737291251,False
SKM,4.630916938967064,True,Communication Services,14120365056,58.384922,,1.2408400035974458,False
ESP,4.633267408159729,True,Industrials,196682288,17.230972,61.976475941798554,1.4048454286340715,False
TRNO,4.634179357416198,True,Real Estate,7541835264,18.604837,26.230102417140664,0.9346380916186694,False
OPTX,4.641437337139595,True,Technology,360907712,,793.3382819303254,0.443862041236418,False
JRS,4.649730546695202,True,Financial Services,246019408,,,1.0378193346364422,False
MDLZ,4.6593270112933265,True,Consumer Defensive,81255030784,38.59756,44.28962008742558,1.1378572097312019,False
MCHP,4.659357512475998,True,Technology,43104030720,116.73529,35.36367132996011,1.1632824141518183,False
SMP,4.661310019882543,True,Consumer Cyclical,877841152,10.033079,11.60811056226041,1.115869183783855,False
NCV,4.663861428399321,True,Financial Services,391430528,4.657258,99.49749321894909,0.7294326975435044,False
POWI,4.677163620963312,True,Technology,3552424192,144.5,44.832853971230456,0.6286188931686458,False
BATRA,4.682582867722572,True,Communication Services,3681954048,,-221.16206972226286,1.1490175142507792,False
NCSM,4.686496841775047,True,Energy,130832464,10.091093,8.740319078261148,0.42008654611250995,False
GPRE,4.711317585402326,True,Basic Materials,1081570944,9.239521,43.21364313764214,0.9255543989148607,False
COLB,4.716253518791207,True,Financial Services,9201451008,12.809055,,1.110087230516622,False
POWW,4.719770489256017,True,Industrials,262774800,113.25001,18.636195510566033,0.684483081664945,False
NFG,4.7251001302571325,True,Energy,7775639040,11.474052,-407.7974821424966,0.9644621605615352,False
AXSM,4.734829108437873,True,Healthcare,11338089472,,-2433.329965187974,0.8672394570211895,False
DRI,4.736734563116799,True,Consumer Cyclical,25869922304,21.80335,42.732416192140064,0.9938167561258787,False
FORM,4.737998338346331,True,Technology,10278336512,85.61689,84.84003608184588,0.8375051232087435,False
WDFC,4.773284318187149,True,Basic Materials,3119196928,35.32067,46.278910487618745,0.7430138865078004,False
ISTR,4.781267923015884,True,Financial Services,426674496,12.79752,,0.9646779977927386,False
HCSG,4.782702640382053,True,Healthcare,1455688960,12.403508,18.220721133482627,1.316836402773739,False
CALM,4.80629332650105,True,Consumer Defensive,3907489280,12.56184,334.3143477519468,1.277122239017017,True
CII,4.816984686257137,True,Financial Services,1015982272,4.8799214,12.61266363700724,1.4910945778378988,False
LSE,4.8242558388899415,True,Energy,92273800,67.74875,-1754.5109470864866,0.6021901309859425,False
ESTA,4.826077122901193,True,Healthcare,2315011072,,-126.76560134108124,1.0628780540307825,False
FUSB,4.828462769942095,True,Financial Services,92313976,12.704545,,1.3685406019307211,False
SHEN,4.847062481837267,True,Communication Services,740225792,,-6.341731530765617,1.6844830284051633,False
BELFA,4.862295561161519,True,Technology,3053195264,61.53333,58.879280989835244,1.4934755908159572,False
AMUB,4.876735622005361,True,,,,,7.321428571428571,False
MNSB,4.87988957919018,True,Financial Services,176887536,12.236453,,0.7971631205673759,False
KEY,4.8802599607906405,True,Financial Services,24731846656,13.491227,,0.8590640449700818,False
FRME,4.882534460051123,True,Financial Services,2728093696,13.967846,,1.2729054758416711,False
LGN,4.88557253248356,True,Industrials,10531543040,,20.094531658569693,0.8335140297808942,False
STRL,4.892652511155295,True,Industrials,16899086336,39.7743,47.790243538761025,1.4982752568640028,False
RGR,4.894924300891474,True,Industrials,600223168,50.76351,12.874202155201361,0.8203024982625554,False
FRPH,4.901010498129734,True,Real Estate,427880544,2232.0,54.012396477421774,1.5636205529553187,True
SOBO,4.915905789774582,True,Energy,7611381248,16.586365,37.498580676119104,0.5506974522181123,False
KVHI,4.92165937381086,True,Communication Services,146578976,,11.230434936261517,0.8456855200833792,False
FDX,4.926365404966393,True,Industrials,78653775872,17.912716,18.862949778857825,0.7098700685288981,False
KYIV,4.932946883118088,True,Communication Services,3061516800,19.217392,9.967259399361023,0.6816915496680682,False
RDN,4.949386349251221,True,Financial Services,4902840832,9.064197,17.664940950833525,0.8218773963055511,False
PR,4.949736939356202,True,Energy,17714331648,13.645162,45.78142480272974,0.7527896800893961,False
DTM,4.956106578986531,True,Energy,13935290368,29.956142,134.60408,1.210817630154435,False
DVA,4.965645826955402,True,Healthcare,11654712320,15.388136,25.0770584631872,1.3596222299616245,False
PAGP,4.974328446454859,True,Energy,5903065600,72.38571,18.5801659571288,0.9778633619258528,False
AEF,4.980282787078058,True,Financial Services,383074464,4.1200876,135.9587012212967,0.6379295269738567,False
FTV,5.0007640623578835,True,Technology,18672738304,32.407406,23.233455545739762,1.08734738647216,False
CVI,5.001178304643682,True,Energy,3518068224,50.71739,22.394369193473192,0.992014542217408,False
YOU,5.017098731769308,True,Technology,6232673280,31.013514,9.41064044143502,0.9962093470544818,False
AKA,5.056205984122169,True,Consumer Cyclical,117960800,,20.045270074844602,0.5830039525691699,False
QQQX,5.057160725737093,True,Financial Services,1513137152,8.263973,,0.6956814519684786,False
ARTNA,5.057893756606992,True,Utilities,364142944,15.469298,,0.5716615111622665,False
NPK,5.062932731710561,True,Industrials,990777088,30.861607,-80.43351352438007,0.862237226497805,False
ALOY,5.066366157587906,True,Basic Materials,880180416,,,1.6512477725574637,False
CMS,5.068028938431765,True,Utilities,21805090816,21.196697,-19.039587489398215,1.3673724566668972,False
AOD,5.069486659206387,True,Financial Services,1131451392,4.1111493,,1.0050394680230206,False
CUBE,5.076475842440075,True,Real Estate,9468810240,28.411564,26.471607256934586,1.1376534131810574,False
OSK,5.076980095991842,True,Industrials,9516680192,17.483393,14.04507183327788,1.5453753124089038,True
CCEC,5.087616627420884,True,Industrials,1370796928,13.820303,-5.552097205089811,1.0964953786946785,False
PB,5.0953555223417935,True,Financial Services,8991626240,12.967071,,0.9303999193301954,False
UG,5.103805476069132,True,Consumer Defensive,33630872,13.55574,,3.217692974848222,False
WRBY,5.109834285949865,True,Healthcare,3170546688,427.5,182.71738993831636,1.0586029872654237,False
CHRD,5.126541000958224,True,Energy,7368076800,9.101689,8.756054721466967,0.897346112978267,False
WSC,5.1375187727950955,True,Industrials,4027875072,,31.215801454682303,1.1190249125951388,False
COLM,5.1660466320766645,True,Consumer Cyclical,2949751552,15.044387,10.657133130751548,1.413574729709433,False
IGA,5.166429799570451,True,Financial Services,156942432,8.317073,,1.225577833740236,False
HY,5.169138318639666,True,Industrials,623652544,,16.267831510957325,1.339773075743637,False
AR,5.16998286028214,True,Energy,11358333952,10.585959,,0.9250581015793284,False
ADV,5.176524619684525,True,Communication Services,417363584,,8.762956143928688,1.1779857874756465,False
PPG,5.187321088868031,True,Basic Materials,25558052864,16.495123,28.50159984787743,1.061711046695494,False
LRMR,5.18774132345516,True,Healthcare,448774304,,-3.2369115733770433,0.5943395593566481,False
BCBP,5.212767260168524,True,Financial Services,162554352,,,1.5503396178505682,False
COKE,5.231497107950177,True,Consumer Defensive,12601286656,25.14077,6.395950011563046,0.9282675244355353,True
PLX,5.233140632782159,True,Healthcare,202637680,13.236843,22.583556694001658,0.7414176639914793,False
IR,5.242991456214896,True,Industrials,32461971456,34.572315,33.11965036470045,1.3040554949948149,False
TAC,5.2615509055836736,True,Utilities,3942679552,,30.491172345752027,1.1427412067310836,False
RDWR,5.263154907590996,True,Technology,1240802176,75.60257,43.362712825381074,1.1549083399575504,False
EEA,5.271377232161654,True,Financial Services,76837624,4.172222,,0.3976945664925205,True
BRUN,5.272468006112137,True,Technology,1382145152,,,1.6380800542720901,False
EDD,5.2755121359365695,True,Financial Services,377067872,4.8347106,,0.7793385578392232,False
GOLF,5.278120291954272,True,Consumer Cyclical,5286824448,24.597824,85.20028009471538,1.0518923859387865,False
TFC,5.278325734343665,True,Financial Services,65002729472,12.232184,,0.8257401914393947,False
ACFN,5.2845454556984555,True,Technology,45926008,29.999998,53.091081518357186,2.5522021597896702,False
CBUS,5.28519406464496,True,Healthcare,154255984,,-7.396175759586671,0.30944933338894215,False
SBRA,5.287743694647476,True,Real Estate,5212717568,78.480774,48.649662134563606,1.2783686855883034,False
BF-B,5.2955457453019195,True,Consumer Defensive,12923912192,18.408497,20.43534137644321,0.533024468345137,True
NHI,5.328664045206099,True,Real Estate,3535459840,20.806358,28.4647541020972,0.7351016342050564,True
RIO,5.341394173681739,True,Basic Materials,161470185472,13.412162,51.21609646532747,0.985727420017178,False
AAP,5.343732603543397,True,Consumer Cyclical,3377229056,49.982143,-25.970420771929824,0.7947038646994812,False
RAVE,5.345563987828625,True,Consumer Cyclical,43487396,14.571428,15.051802114362479,0.42694845463114556,True
RIOT,5.346020785471518,True,Financial Services,7636519424,,-10.938210282614754,1.1794337359641116,False
OUT,5.356134772236685,True,Real Estate,5319284736,21.72662,48.61397187204426,1.2862386939588177,False
WEC,5.372734872357983,True,Utilities,35830398976,21.351456,-25.052595765712383,1.110901546586194,False
BBT,5.390490445646397,True,Financial Services,2717736704,10.527597,,1.0525356901002727,False
BF-A,5.412069913570708,True,Consumer Defensive,13105163264,18.666666,20.733134480858237,0.7141696137051888,False
XPER,5.413384696642966,True,Technology,320430880,,5.348801574870425,1.0595686534291882,False
UCB,5.413663249400576,True,Financial Services,4429944320,12.0065365,,1.1219296110634367,False
DAR,5.420368353464912,True,Consumer Defensive,10105698304,17.215054,64.09226783126189,0.8588226398211305,False
GHC,5.4204919284193,True,Industrials,5039564288,9.50859,19.803327133013596,1.1020458948790415,False
GNRC,5.425699329151379,True,Industrials,13239686144,51.58161,49.239290177278555,1.4810145816567148,False
TALK,5.4261446439339505,True,Healthcare,869745856,,82.03947206622901,0.5125707965830526,False
EMF,5.42668155970082,True,Financial Services,335057120,2.3795118,,1.0331083835318629,False
CRWS,5.435801441666538,True,Consumer Cyclical,28353356,15.5,6.0662777974745685,1.996197535153498,True
RLGT,5.438489237546627,True,Industrials,405829152,26.259695,16.37393071724104,0.8383777167777738,False
HIG,5.446757597139634,True,Financial Services,37736849408,9.500345,6.891629471714545,1.1525788645130208,False
MGRC,5.493595796705488,True,Industrials,2956726784,19.492754,51.729738735157056,0.9564990307449704,False
STEW,5.501922968193599,True,Financial Services,1799444096,12.275263,,1.0448303610829894,False
IRM,5.505933117019763,True,Real Estate,37406359552,89.11348,-131.05858633473247,1.2631411009079994,False
APD,5.510829618725518,True,Basic Materials,68019298304,,-23.310560055668525,0.9191319855152835,True
GWW,5.5203260473677265,True,Industrials,61817790464,33.333374,51.333260908569684,1.2093760277453882,False
CINF,5.521073468545599,True,Financial Services,26571655168,8.174221,8.527780379338417,1.0143472090600056,False
AGX,5.524587312965378,True,Industrials,8124153856,51.419697,16.943752576464075,0.7736024600397465,False
WBX,5.541449955657083,True,Technology,77598776,,,0.26432643264326433,False
DEA,5.553985471784071,True,Real Estate,1221224704,131.1579,22.857377787452197,0.8833777430725456,False
CGEN,5.578276045264293,True,Healthcare,233495008,6.486842,5.15521303506324,0.5978317009832537,False
RYZ,5.578462738201012,True,Industrials,1490140032,,-5.290884049019524,1.2110516322582006,False
AVA,5.5795747488604714,True,Utilities,3257147648,14.039711,-27.980848314074585,1.0066398607323874,True
GEV,5.5858189786931245,True,Industrials,276161298432,29.761768,17.11717001534099,1.1268048337933765,False
POWL,5.589397798714115,True,Industrials,7582154240,39.86973,36.48148762204284,1.1929794053217209,False
LRN,5.591723078717427,True,Consumer Defensive,3369048832,11.417606,12.552471343965271,1.6515962427174167,False
L,5.595889865937993,True,Financial Services,23127928832,13.881596,21.0641116703645,0.9688282931167735,False
PCVX,5.603578129881797,True,Healthcare,8955102208,,-15.449841276449863,0.6888986448585847,True
ELVA,5.604698549777684,True,Industrials,376504384,76.049995,-18.545216395685017,0.8491917217065251,True
IAE,5.6054616429347375,True,Financial Services,94280440,3.399225,,0.6241076244566425,False
IPI,5.612686129216601,True,Basic Materials,488073568,30.73729,8.1016561073753,0.5816469011636686,False
ASYS,5.619480559614324,True,Technology,281530240,59.555553,23.15140849797023,1.081842936543248,False
TY,5.623601034350079,True,Financial Services,1929710208,7.382892,,0.7216316417529764,False
KNTK,5.643030879793871,True,Energy,8693489664,17.965036,-127.66384874990686,1.002857418091268,False
CBIO,5.6461745700923585,True,Healthcare,610274944,,,1.0334479999003883,False
WFCF,5.664161410442342,True,Industrials,60104532,41.62069,49.8190402075227,0.1171994990666572,False
WTFC,5.671068734054137,True,Financial Services,10984809472,13.067416,,1.4745119928845438,False
CURB,5.6875789703767365,True,Real Estate,3461042688,112.4074,25.671690698346783,1.4506401727094185,False
IGIC,5.689360963316493,True,Financial Services,1142354176,10.803213,,1.7089641987110302,False
BLX,5.698851200253182,True,Financial Services,2076053248,9.201749,,0.9195457772040001,False
AER,5.724049333456479,True,Industrials,23583111168,7.3763523,-41.21891667502704,0.8981190179335559,True
KLIC,5.740795832858878,True,Technology,5042956800,44.20642,78.7322521377219,1.309061785528997,False
SSD,5.753722134850792,True,Basic Materials,8010045952,21.38293,17.879173692566184,0.9935082688792329,False
MTH,5.7569099865113875,True,Consumer Cyclical,4828748288,15.435415,19.90611905504102,0.9507184033453772,False
RCD,5.761322002996736,True,,,3.1476057,,1.5160878342190913,False
AROC,5.787190441759905,True,Energy,5922047488,18.158604,33.942442580928954,1.0831828710036293,False
ACTG,5.794560529301806,True,Industrials,452802784,,-15.49054905183697,0.8684205431984048,False
Q,5.801176393763262,True,Technology,30090418176,51.335716,43.479896167922746,1.0587542737291868,False
NCEL,5.829689983811391,True,Healthcare,17820612,,-5.5746859708604415,0.2314400801021149,False
TTC,5.847233741974183,True,Industrials,9289164800,28.11095,15.333186474029,0.6571697756771618,False
NEE,5.85064174092108,True,Utilities,179539329024,19.344944,-16.73249822022051,1.0876351936967708,False
TONX,5.859444469179179,True,Technology,151447968,,-157.02979826563214,0.6399708898279939,False
SPFI,5.865061506080052,True,Financial Services,860758656,12.41576,,1.2721781190352248,False
ZWS,5.87217620759758,True,Industrials,8418432512,31.524845,26.80060621242783,1.1080150478011728,False
SIFY,5.893393247198373,True,Communication Services,1141569536,,,0.6214361499182045,False
SEAT,5.908582502675825,True,Communication Services,84589992,,16.340886947075077,0.7220528216916077,False
PLMR,5.928205429052246,True,Financial Services,3388664832,17.28322,6.298343859181036,1.0340841455130338,False
PHM,5.938334979748994,True,Consumer Cyclical,24879423488,13.341165,23.50949609785658,1.112282392455608,False
WTI,5.951402256342667,True,Energy,542639872,,6.123548677855493,0.6088150566763448,False
DEI,5.951657522980449,True,Real Estate,2398891264,,22.694551934003602,0.7920025877639615,False
EOD,5.957444946708692,True,Financial Services,289187616,3.751397,,0.9799237844338061,False
OZK,5.962130302533907,True,Financial Services,5738649600,8.642036,,1.0270113729848682,False
MPWR,5.964330477078762,True,Technology,69475917824,86.25687,154.47208722524698,1.3287781892846526,False
NCZ,5.968983178717218,True,Financial Services,305509632,4.5098314,40.669756227538876,0.7178983817976088,False
BH-A,5.97080129695099,True,Consumer Cyclical,1237935360,,45.70544119118277,1.9401966136184234,False
OTTR,5.981394174334676,True,Industrials,3876528640,19.941685,-29.059775309274627,0.878871610412951,False
OXM,5.987101690837405,True,Consumer Cyclical,543187328,,84.53977331736888,0.7972947934037429,True
SMA,5.994299504544057,True,Real Estate,1886036480,56.771828,26.966115441987608,0.9531791710332743,False
PODC,6.004903563117475,True,Communication Services,97480096,,,0.6392634411110593,False
ASC,6.009976198153999,True,Industrials,712617664,6.79572,-51.801247660878246,0.8718918315166604,False
SBUX,6.011113855828508,True,Consumer Cyclical,124959277056,63.72872,46.49383419587004,1.1764656108089155,False
NXG,6.015304623354922,True,Financial Services,354981280,2.6301053,,1.0408858054192218,False
SND,6.016079601479799,True,Energy,213282048,19.8468,7.465371586141159,0.7803126039241769,False
MCFT,6.018295510770988,True,Consumer Cyclical,599864512,36.962685,15.197900627967845,1.0514121483446637,False
BE,6.0224717643673475,True,Industrials,72031084544,321.79605,131.62528982153975,1.7464270916141083,False
GLW,6.039041126226257,True,Technology,143207055360,76.41743,206.49812304416602,1.1426286178170189,False
FIX,6.044275876513384,True,Industrials,60727459840,42.40575,34.484375916437315,1.2201052824378809,False
LEA,6.050435056450432,True,Consumer Cyclical,8126448640,11.365457,10.049786911921608,1.4013831117462423,False
BSAC,6.053749908495826,True,Financial Services,15959031808,12.978928,,0.6537528553950169,False
WPRT,6.062624908785479,True,Consumer Cyclical,35142108,,0.38767538677918423,0.0891687933586303,True
EXG,6.082037061294803,True,Financial Services,3106780416,4.5538116,,0.9257039549559505,False
SLAB,6.117624093600209,True,Technology,7309989888,,-503.7276884718156,0.5998044002478592,False
CB,6.1304244908606425,True,Financial Services,132971716608,12.213502,14.776473933108823,1.1926265216150314,False
KVUE,6.137540442246119,True,Consumer Defensive,36802019328,22.541176,23.04549351430889,1.020761917092384,False
LLYVA,6.1553163167273794,True,Communication Services,9580519424,,50.06958237107902,0.6025117384337692,False
ONEW,6.1603574274032,True,Consumer Cyclical,208653552,,11.495725843633448,0.6678627738813679,False
ALCO,6.172474287296495,True,Consumer Defensive,304235168,195.2857,20.88,0.8666422694804755,False
SCHL,6.174545291453046,True,Communication Services,785249088,17.7906,18.970766967628276,0.8872533635981938,False
WOR,6.1789246684982695,True,Industrials,2801006080,18.2293,133.18918622885965,0.8960701272273482,False
RSVR,6.183547501879509,True,Communication Services,656168896,71.21429,-16.68249970544789,0.7824038626483744,False
TOL,6.1928101878953115,True,Consumer Cyclical,13997750272,11.3795595,24.890814811089744,0.7157582999730364,False
EVH,6.211348709010298,True,Healthcare,486720416,,7.19600834765964,1.7958600586125057,False
TOWN,6.214259183665964,True,Financial Services,3506145792,18.235579,,1.2334009830497248,False
LUV,6.221259834802644,True,Industrials,22148900864,28.655064,-30.071980083675733,0.8130360404982189,False
CLH,6.229622810235595,True,Industrials,16801917952,38.534504,50.67638256708102,1.0258971833548511,False
CBFV,6.244984861980089,True,Financial Services,192236336,27.61314,,1.109437751004016,False
BRK-A,6.250736352201429,True,Financial Services,1087152455680,12.766725,14132.80496644967,0.837696335078534,False
CHD,6.256624169769085,True,Consumer Defensive,24147357696,32.62821,27.881474057911102,1.0276462538693834,False
CPSS,6.258168764859449,True,Financial Services,206063072,10.505495,,0.818600484329288,False
KTB,6.281241824185992,True,Consumer Cyclical,4604740096,20.369192,12.662821918852359,0.7327779642570159,False
RFIL,6.2842904398588875,True,Industrials,147639104,104.69308,58.97682712416821,0.8369764200405584,False
CPA,6.2858208088370855,True,Industrials,6206614528,9.010834,-219.1590220935203,0.7669408330694795,False
TG,6.288860270720371,True,Industrials,276863712,8.457447,20.07037995301488,1.0127736297906198,False
TISI,6.289858553355806,True,Industrials,100410408,,18.731093106827835,1.234635097745725,False
HRL,6.2901828724317115,True,Consumer Defensive,13523234816,28.911764,27.798724739889927,0.693687662385126,False
TT,6.304053890002999,True,Industrials,105789349888,35.881344,34.7929722032604,1.0419611303992133,False
SCI,6.310341391168044,True,Consumer Cyclical,11426685952,21.890339,52.376894489036346,1.0188674218059346,False
FRHC,6.312905782608315,True,Financial Services,9380614144,61.020744,,0.6525604551920341,False
CRI,6.329381794745579,True,Consumer Cyclical,1437059328,7.3031716,7.962720975636195,1.092515650317403,False
WDC,6.337305808906353,True,Technology,167994638336,20.065458,68.32348196202102,1.0415493832846683,False
MBBC,6.33902927158867,True,Financial Services,42077640,33.95238,,0.061695118298891884,False
CATO,6.351074654702131,True,Consumer Cyclical,65613072,,-113.7980808625337,1.2740121155424708,False
HASI,6.352942327870694,True,Financial Services,5398892032,64.64016,,1.0042055679040298,False
ESOA,6.3661048783167695,True,Industrials,242009568,21.616667,236.84032419706483,1.0792899408284025,False
CDW,6.371922621824268,True,Technology,17213648896,16.529411,34.211375434346074,1.1325340735064129,True
KNX,6.376186283752659,True,Industrials,11916179456,271.16666,28.731928784070906,1.1510547338748824,False
CHY,6.391020950903332,True,Financial Services,1091849600,3.2439141,,1.0614690813895222,False
JCE,6.405244624836193,True,Financial Services,294826432,6.422222,,1.042148289610346,False
KMB,6.410364757193998,True,Consumer Defensive,36576509952,21.733728,44.55820009931263,0.8252509361468844,False
ZIM,6.4110326549942185,True,Industrials,3272096768,32.321312,10.820812636452885,0.7766172478882868,True
PEBK,6.421548118052445,True,Financial Services,242120384,12.5,,1.5316002457679188,False
NKTX,6.431988361890338,True,Healthcare,172257616,,-1.1238267052411053,0.9248144907413113,False
NATL,6.441813261661128,True,Technology,3466874880,18.184109,12.516335451466004,0.7272936509844109,False
FFIN,6.456361233142919,True,Financial Services,5047724544,18.834225,,0.8810787416807773,False
KHC,6.459613540175173,True,Consumer Defensive,29900546048,,14.007770176666378,1.0996557649520011,True
FERG,6.473999279579629,True,Industrials,47209234432,24.042858,,3.9175674987739413,False
NL,6.486542047050288,True,Industrials,327621536,,13.195219446983234,0.6910622367805335,False
ANDE,6.518497410688942,True,Consumer Defensive,2231221760,12.673113,-28.242455517274525,1.0589850455548941,False
CLST,6.53006536188441,True,Financial Services,69628408,30.821428,,0.2851782363977486,False
SAFE,6.544874241923204,True,Real Estate,1098360576,9.63354,-18.6759216791875,0.8592861704281732,False
FNB,6.551081384471198,True,Financial Services,6923499008,11.577382,,0.8545283047738962,False
LOAR,6.55167129582761,True,Industrials,6757281280,101.58451,97.00003783982952,0.613547180511053,False
PYPD,6.553170627526482,True,Healthcare,91460352,,,3.0856286035593796,False
GDOT,6.572653242378309,True,Financial Services,768160192,,,0.689316985819032,False
MNST,6.5783886042040605,True,Consumer Defensive,91664031744,42.926605,51.5996162202814,1.0285582274996405,False
ECG,6.580883194098948,True,Industrials,7025872896,27.628513,39.89308948479545,1.0018491189308585,False
MKSI,6.5894197170341355,True,Technology,21284655104,50.044514,50.63147478313443,1.3802755446885406,False
BLBD,6.5996967612445525,True,Industrials,2038986752,7.617752,-195.69027412923373,1.434144376961916,False
BCPC,6.6049525478791,True,Basic Materials,5688473600,35.057957,43.26319472698582,1.004346951033015,False
LYB,6.61679792437842,True,Basic Materials,20067117056,,26.132560052117263,0.7119797675547723,False
CET,6.617647560112106,True,Financial Services,1637699968,7.4094515,73.27766009954905,0.7789723927751114,False
CULP,6.617647819707993,True,Consumer Cyclical,43939860,,-117.78010810810811,0.34044363078231765,False
BRK-B,6.635964228093649,True,Financial Services,1087769739264,12.939524,6.353906026791839,0.854838294206042,False
LECO,6.637146961317833,True,Industrials,15268152320,27.734652,54.06196478591436,1.3079894879300034,False
LSBK,6.640254258859195,True,Financial Services,134967344,17.185,,1.2084527981310396,False
ORKT,6.6409408958419665,True,Technology,5664577,,-2.4964026221589,0.21503248573595857,False
NMAI,6.667320705638646,True,Financial Services,500565760,6.188223,,0.7390527921425648,False
TNK,6.667465620871006,True,Energy,2915453696,4.9590454,7.268116067047945,0.7433877032842104,False
LBTYB,6.667974396449396,True,Communication Services,4246540032,,-22.08641708325055,0.14769544181308888,False
NPKI,6.669747036908255,True,Industrials,1187889408,30.413042,67.25819699594199,1.0712943626137363,False
ATR,6.677238234154499,True,Healthcare,8429904384,23.932312,36.56786078654065,1.0656494219667145,False
NSTS,6.681677661324908,True,Financial Services,66752524,,,0.7889822595704948,False
DE,6.682822023796725,True,Industrials,166202425344,34.70502,188.34596895800365,0.8905718919451115,False
SNFCA,6.724310456097378,True,Financial Services,243200416,7.472,0.9098832003575348,0.7583118827915598,False
RNR,6.757751007683316,True,Financial Services,13317173248,5.556432,-2.446971032208284,1.0023749030198579,False
ETO,6.768029808430545,True,Financial Services,528353600,3.8335319,50.707721592481,0.8980035311693603,False
RMR,6.770361376883197,True,Real Estate,341689920,17.39565,6.804778075590157,1.1901537941599576,False
SFBC,6.771370971761251,True,Financial Services,119388320,14.900642,,2.2864142084311525,False
CX,6.771990390246101,True,Basic Materials,16124993536,,20.425156333636128,1.3611382738343587,True
EBF,6.78712483039392,True,Industrials,557067968,13.185629,11.248442949904883,0.7434304621624507,False
PM,6.823475163004199,True,Consumer Defensive,297328869376,26.203983,34.51176563721777,1.1597949576315514,False
TNL,6.829468550910474,True,Consumer Cyclical,4580376064,20.200676,18.26923747195992,1.2565310625763308,False
BMRC,6.838896864853231,True,Financial Services,467042112,,,1.325440287516136,False
RNST,6.85171137582785,True,Financial Services,4010828032,12.830409,,0.7892328424019923,False
E,6.851718551055443,True,Energy,78471356416,12.268623,-11.928494783432331,0.8550677403370986,False
FOR,6.873713719997027,True,Real Estate,1498126464,8.81982,8.406299029723712,1.0765740024064256,False
EBMT,6.888039730983479,True,Financial Services,188940016,11.570732,,0.6754314974015992,False
GBX,6.924484250228291,True,Industrials,1412396672,13.505918,-19.15589719545449,0.8167052685115056,True
PDYN,6.924953369267832,True,Technology,314039616,,-13.109261895330526,0.3549975152727519,False
PROV,6.934120055937018,True,Financial Services,112566440,17.475729,,1.038086492631947,False
EW,6.93428170458216,True,Healthcare,53796995072,55.6131,40.727126490526864,1.0247074338114068,False
GROW,6.945718540940709,True,Financial Services,38701092,12.48,-4.503171924074833,0.8265357303133497,False
LND,6.976746382880572,True,Consumer Defensive,349650240,,-10.456008840758237,0.3485056045215264,False
BATRK,6.99096190664693,True,Communication Services,3465708032,,-209.7372674879304,1.2519809573006049,False
UTMD,6.994499534177207,True,Healthcare,228039696,21.83677,,2.749557367646692,False
SKT,7.000928899237004,True,Real Estate,4643483136,35.637615,27.296911006339574,1.1351930255614961,False
SNDK,7.031729181271394,True,Technology,206942240768,19.206133,25.247303164224288,1.2115627918499827,False
NRXS,7.045799834613092,True,Healthcare,82064992,,-19.908211412242157,0.5368837294316424,False
KAI,7.057019205835149,True,Industrials,3923361536,35.764263,,0.8095452327696002,False
ESLT,7.069953650142227,True,Industrials,36481134592,58.766792,-944.4226697502794,0.5677692743976633,False
CEE,7.076304762400277,True,Financial Services,139532144,3.1988041,,0.9233789107140457,False
TYG,7.083120276021296,True,Financial Services,1096199936,6.0,-12936.486614817846,0.8719745021931901,False
TNC,7.0850441992205475,True,Industrials,1156454272,65.22116,29.521366964241675,0.8737866839631767,False
ADI,7.085477168913217,True,Technology,189031170048,57.664932,49.76028643751806,1.0062851447895358,False
PLUS,7.087357781170159,True,Technology,2310884608,18.962446,50.013601685433756,1.43263459643465,False
AIO,7.115144931338935,True,Financial Services,919522368,6.166282,,0.8956252438953513,False
ZBH,7.1262171189863155,True,Healthcare,18850607104,23.987865,23.665976428005543,1.1596151179278416,False
TFII,7.1297876906475794,True,Industrials,12077855744,36.104424,23.719829957294944,1.026799862458915,False
TRMK,7.141238931835245,True,Financial Services,2823972096,12.374046,,1.2254106386015222,False
BKTI,7.143822707136749,True,Technology,285906976,21.329609,18.23170313146641,0.6833683446147462,True
SRI,7.163379866824021,True,Consumer Cyclical,198233968,,4.016133553989938,0.6528851975049147,False
IIPR,7.204985905514935,True,Real Estate,1685645312,13.152715,21.27427427980686,0.9839775046346061,False
INVX,7.219170945824888,True,Energy,2117303424,34.073036,11.319496810478004,1.4118159352921325,False
PRTH,7.234240373296276,True,Technology,432399712,7.8283577,14.63413333296677,1.1959921318656466,False
RL,7.255682976539286,True,Consumer Cyclical,23067860992,24.488298,28.040076015715382,0.949355020559756,False
PRSU,7.2644817451469414,True,Consumer Cyclical,1292321024,32.027027,-28.29448680180837,0.8311182988535195,False
INMD,7.275491076455008,True,Healthcare,876973184,12.59504,8.448687146189114,0.6097437358676401,False
EVTC,7.282769373946542,True,Technology,1942273280,20.467533,19.516883388232614,0.756359028792771,False
LLYVK,7.291959995175206,True,Communication Services,9937501184,,51.64195307032218,0.8336146594501981,False
NBBK,7.2938932850905704,True,Financial Services,1008044288,15.134868,,1.539479364240808,False
HFWA,7.301340378040062,True,Financial Services,1227875968,14.290477,,1.7195580107980564,False
NUAI,7.342531939502431,True,Technology,542412928,,-360.7061882229481,1.1534210129840596,False
TEN,7.364261457242464,True,Energy,1238093952,6.703915,,0.5004882246400149,False
SANM,7.37192017844632,True,Technology,11353528320,37.962368,-53.8943936573639,1.0125547855568144,False
TEX,7.3994057209340856,True,Industrials,7753883136,32.458374,43.38109754144241,1.2416776076655545,False
GAM,7.429194905398474,True,Financial Services,1620464512,4.265684,,0.6871622095879835,True
GFS,7.434318617097166,True,Technology,29333491712,41.761723,37.66512869718702,1.0951138349274099,False
STRW,7.438017086675675,True,Real Estate,778837248,21.2,17.019068896135433,2.0797888326995704,False
LOGI,7.45071279833265,True,Technology,15040502784,19.273396,18.14129614584381,1.3176425694434337,False
AON,7.476991057823379,True,Financial Services,74808156160,19.430304,28.090578613975612,1.0782721373372517,False
PHOE,7.48694085099583,True,Industrials,475200000,733.3334,-139.66686788887733,0.8965817904388224,False
PSMT,7.488041634161123,True,Consumer Defensive,5553351168,33.6985,92.04765440779263,1.0168847685450761,False
TJGC,7.490325638469791,True,Communication Services,38379076,,-2.64142785973146,6.084051420634333,False
INVA,7.498720630083984,True,Healthcare,1508485760,4.8445473,11.380251199972854,0.9288087789964982,False
